t,r1,th1,r2,th2,r3,th3,r4,th4,r5,th5,r6,th6
0,0,0,0,0,0,0,0,0,0,0,0,0
1,147.32,0.86134,18.818,1.3016,51.032,0.49225,87.617,0.5314,95.148,1.6358,81.127,-0.50711
2,146.07,1.2878,19.841,1.101,50.621,0.49935,87.493,0.94144,95.825,1.221,81.149,-0.6869
3,146.22,1.3019,20.133,0.88439,50.162,0.33901,86.846,0.77735,95.801,1.2812,80.9,-0.16922
4,145.61,1.1855,19.569,1.0762,50.302,0.50604,86.706,0.59509,95.497,1.7366,79.615,-0.57875
5,145.61,1.5012,20.056,1.1477,47.47,0.51585,85.946,0.73671,95.2,1.3669,79.56,-0.26649
6,145.87,1.2516,18.328,1.4579,49.083,0.36875,85.814,0.74861,95.733,1.2917,78.948,-0.20666
7,144.98,1.0892,18.71,1.4463,48.907,0.54109,85.857,0.65593,95.091,1.5156,79.463,-0.2949
8,145.64,1.4088,18.049,1.1704,47.432,0.83219,85.243,0.57376,95.74,1.4372,77.862,-0.39303
9,145.92,1.0132,18.613,1.1866,47.495,0.50062,84.679,0.89198,95.597,1.6614,76.952,-0.55242
10,144.98,1.1896,18.954,1.376,45.818,0.66677,84.353,0.8874,95.453,1.7126,76.186,-0.14115
11,145.17,1.4828,18.949,1.4777,46.79,0.50795,83.998,0.77514,95.117,1.1481,77.028,-0.45384
12,145.36,0.9842,18.695,1.6654,46.459,0.5221,84.148,0.6951,95.571,1.4714,74.849,-0.68617
13,144.34,1.4317,18.497,1.37,45.556,0.22716,83.394,0.73064,94.956,1.8223,74.632,-0.29012
14,144.23,1.193,17.763,1.306,44.58,0.70571,82.279,0.72184,95.985,1.3482,75.725,-0.76792
15,144.38,1.2019,18.037,1.3423,44.704,0.5021,82.35,0.89899,96.471,1.7259,74.386,-0.36379
16,143.58,1.1598,17.729,1.3127,43.989,0.81646,81.92,0.91918,96.115,1.6186,73.928,-0.43464
17,144.42,1.4692,18.14,1.808,43.996,0.63556,81.226,0.60356,95.827,1.51,73.166,-0.45814
18,144.88,1.2423,18.235,1.5137,43.766,0.78061,81.52,1.1291,96.969,1.5839,73.795,-0.28558
19,144.19,1.5393,17.919,1.4257,42.104,0.5322,80.552,0.73369,95.723,1.7777,72.783,-0.3354
20,143.56,1.1521,18.142,1.6706,42.471,0.84303,80.307,0.68695,95.92,1.7523,72.447,-0.71387
21,143.71,1.3767,18.225,1.9081,42.423,0.23668,78.988,0.56259,96.419,1.6744,71.679,-0.32025
22,144.93,1.3547,18.595,1.5211,41.736,0.73849,79.54,0.72394,96.513,1.6354,71.748,-0.36224
23,142.83,1.154,17.699,1.6104,41.475,0.51897,79.173,0.78875,95.809,1.5006,70.47,-0.67919
24,143.09,1.3191,18.84,1.7912,41.021,0.89908,78.361,0.59118,95.587,1.559,69.803,-0.26858
25,143.14,1.1923,17.599,1.708,40.417,0.5818,80.214,0.75545,95.915,1.9733,69.959,-0.2898
26,143.62,1.274,18.801,1.4835,40.94,0.76586,79.392,0.73563,96.325,1.4279,69.525,-0.61628
27,142.75,1.4923,19.182,1.6268,39.849,0.055018,77.968,0.83454,96.296,2.0051,69.765,-0.25458
28,142.7,1.3663,18.701,2.0367,39.217,0.79497,79.046,0.76482,96.432,1.5094,68.834,-0.47351
29,142.07,1.2835,19.249,1.6089,38.97,0.62713,77.307,0.7582,95.541,1.6008,68.693,-0.79666
30,142.16,1.4455,18.096,2.0572,37.76,0.75159,76.855,0.73877,97.175,1.988,68.019,-0.50105
31,141.25,1.2688,20.349,1.6761,38.847,0.92796,76.839,0.73651,96.726,2.0831,67.218,-0.15618
32,142.9,1.2061,19.444,1.9647,37.797,0.94449,76.629,0.75195,96.003,1.5653,67.327,-0.27459
33,141.6,1.5605,19.387,2.1737,35.854,0.76199,76.275,0.78912,96.017,1.6591,66.67,-0.53931
34,142.08,1.3225,19.507,1.8656,37.952,0.48673,75.149,0.71674,97.228,1.6113,65.475,-0.66604
35,141.56,1.5168,20.01,2.1687,36.301,1.1102,75.587,0.80147,96.846,1.5445,64.919,-0.75474
36,142.64,1.1923,20.244,1.8756,36.054,0.85013,75.26,1.0588,95.996,1.802,65.701,-0.57872
37,141.98,1.2341,19.952,2.126,36.829,0.80396,75.573,1.2007,96.838,1.785,65.797,-0.58752
38,141.51,1.1043,20.761,2.0939,35.369,0.96694,73.23,0.73223,97.293,1.9926,64.331,-0.37702
39,141.6,1.1302,20.767,2.083,34.739,0.93661,73.966,0.6291,96.445,1.4888,63.32,-0.59489
40,140.78,1.6022,21.31,2.3172,34.544,0.6524,73.579,0.77294,97.248,1.9882,63.226,-0.36862
41,141.41,1.1187,21.743,2.2005,33.9,1.061,73.435,0.64322,96.21,1.6589,62.806,-0.49902
42,140.65,1.4151,21.756,2.1719,33.474,0.98787,72.362,0.63935,96.433,1.9932,62.773,-0.52763
43,140.45,1.2707,21.827,2.3615,33.612,0.78953,72.96,0.78514,97.818,1.8187,62.255,-0.60539
44,140.67,1.6561,21.561,1.9991,32.73,0.46169,72.727,0.7706,96.808,1.7441,61.243,-0.38625
45,141.83,1.6526,23.009,2.2006,32.408,0.76348,71.139,0.8199,97.559,1.8912,61.35,-0.6964
46,140.35,1.4983,23.373,1.9532,32.601,0.6736,72.036,1.1512,97.314,1.6058,60.426,-0.24612
47,139.84,1.5224,23.838,2.2673,31.57,0.63769,70.895,0.91714,97.098,1.6631,59.94,-0.56019
48,140.07,1.4816,23.948,2.2937,33.268,0.75453,70.693,0.9745,98.899,1.8361,58.638,-0.35263
49,140.96,1.163,23.659,2.2837,31.607,0.99842,71.117,0.97265,98,1.6426,59.061,-0.65545
50,140.36,1.1561,24.117,2.3726,30.945,1.1333,70.4,0.60634,98.137,1.5027,58.939,-0.39326
51,139.64,1.4253,23.754,2.8398,30.821,0.9139,69.301,0.95425,97.753,1.9992,58.578,-0.5711
52,140.48,1.1617,24.883,2.4714,31.04,0.94113,69.817,1.306,97.725,1.9018,58.064,-0.51548
53,140.21,1.2239,25.049,2.6021,31.352,0.79271,69.267,1.0628,98.27,1.4931,57.956,-0.54809
54,139.6,1.344,25.681,2.0349,30.664,0.9286,69.734,1.4953,98.379,1.612,56.866,-0.69023
55,141.14,1.1645,26,1.9976,29.273,0.93594,68.258,1.1031,98.22,1.9053,56.673,-1.2782
56,139.6,1.2947,26.7,2.0295,29.549,1.0721,67.932,0.86206,98.486,1.8218,55.885,-0.52049
57,139.57,1.3634,25.725,2.3491,29.314,0.85656,67.346,1.111,99.256,1.8991,56.673,-0.99236
58,140.46,1.3751,26.818,2.4299,28.687,0.8298,67.017,0.83876,98.629,1.9133,56.49,-0.8344
59,139.38,1.1338,26.822,2.3083,28.636,0.92328,66.183,0.78887,98.588,1.6244,55.413,-0.75843
60,138.96,1.2102,26.69,2.3284,27.787,0.76344,66.857,0.58374,99.412,1.7029,55.358,-0.73714
61,138.76,1.5349,28.404,2.3605,27.975,0.73486,65.802,0.99023,98.874,1.8189,55.438,-1.0328
62,138.49,1.043,28.165,2.1915,27.425,0.87975,66.394,0.6076,98.919,1.5058,54.228,-0.7275
63,137.81,1.252,28.231,2.3098,27.899,0.92079,65.381,0.59088,99.141,1.5149,54.031,-0.99441
64,138.27,0.85462,28.559,2.2919,27.047,0.91255,66.562,0.4275,98.755,1.9607,54.028,-0.66728
65,138.18,1.3806,28.26,2.3401,27.327,0.9657,65.279,0.88379,99.076,1.5683,53.897,-1.2583
66,137.88,1.2209,29.951,2.4333,26.408,0.39642,64.931,0.72123,98.366,1.7737,52.651,-0.65054
67,137.44,1.4057,29.646,2.2661,25.18,0.93727,64.658,0.71761,99.269,1.7934,53.315,-0.88402
68,137.74,1.4243,30.236,2.3192,25.62,0.63354,64.784,0.40628,99.524,1.8003,52.443,-1.293
69,137.17,1.3743,30.791,2.1887,25.043,0.89992,63.64,0.68982,99.77,1.6678,52.952,-1.2209
70,136.65,0.99905,30.218,2.293,25.089,1.0522,63.712,0.77986,98.695,1.4424,51.682,-1.1819
71,136.74,1.2255,31.169,2.1402,24.307,0.84183,62.733,0.49607,98.947,1.7138,51.327,-0.74294
72,137.07,0.85012,30.855,2.2409,24.959,0.95401,62.714,0.53758,98.622,1.5862,50.995,-1.1856
73,137.16,1.113,31.602,2.335,24.265,0.69173,61.615,0.58201,99.878,1.5268,51.313,-1.1234
74,136.64,0.86224,32.203,2.1296,24.473,0.86626,61.669,0.50874,99.43,1.3827,51.594,-0.83648
75,136.26,0.8542,32.637,2.1518,23.285,0.84014,61.543,0.512,98.508,1.7544,51.719,-0.93953
76,135.99,0.78146,32.81,1.9315,23.267,1.025,60.832,0.73464,98.807,1.6801,50.879,-0.86698
77,135.81,1.0817,31.804,2.044,23.51,0.837,60.537,0.65098,99.102,1.8766,50.041,-0.96303
78,134.78,0.92056,33.772,2.1858,23.003,0.72088,60.542,0.6025,98.792,1.6205,49.754,-1.1628
79,135.42,1.1051,33.159,2.0748,22.244,0.88102,59.389,0.54916,99.221,1.533,50.351,-0.99704
80,134.28,0.87748,33.948,1.9847,22.135,0.74165,59.799,0.3816,99.268,1.3587,49.918,-1.3586
81,135.33,1.2644,33.246,2.2844,21.798,0.80411,57.977,0.70251,97.709,1.4116,50.326,-1.2191
82,134.07,1.0135,34.934,2.6534,21.07,0.98136,58.229,0.61469,99.183,1.179,49.682,-1.4074
83,133.4,0.81016,34.165,2.2356,20.956,0.96272,58.137,0.77358,98.64,1.4243,49.191,-1.2725
84,134.14,0.93988,34.251,2.4211,20.518,0.76363,56.99,0.51697,98.533,1.4083,49.167,-1.4538
85,132.96,0.63441,35.084,1.9965,21.039,0.43395,57.724,0.67295,98.447,1.2313,48.2,-1.2667
86,134.03,1.1522,35.739,1.8053,20.138,1.0074,55.986,0.25815,98.54,1.0559,49.02,-1.5947
87,133.49,0.72115,36.192,1.9439,18.722,0.84565,56.17,0.65529,98.558,1.3143,48.495,-1.365
88,132.85,0.85662,36.508,2.3815,19.213,1.1741,55.029,0.18908,99.001,1.0593,48.306,-1.5957
89,133.31,0.78592,36.602,2.2013,19.035,1.0452,55.055,0.60503,98.434,1.0444,49.212,-1.6654
90,131.76,0.7505,37.077,2.0861,18.402,0.69918,54.942,0.43667,97.456,1.2383,48.264,-1.6941
91,132.58,1.0047,36.899,2.0544,17.261,0.39166,54.2,0.52566,98.671,1.2884,48.221,-1.7114
92,131.39,0.59964,36.382,2.369,17.944,0.83505,53.604,0.42797,97.552,1.1674,48.731,-1.6648
93,131.73,0.76585,37.24,2.2251,17.162,1.0584,53.659,0.34769,97.315,0.98663,47.945,-1.7435
94,131.04,0.68328,37.67,2.3325,17.338,0.74665,51.795,0.44502,97.327,1.1951,47.595,-1.6516
95,131.07,0.80785,37.805,2.2307,16.893,0.9919,52.788,0.19089,97.348,1.3332,48.489,-2.0055
96,130.72,0.88788,39.274,2.2858,16.626,0.72744,52.374,0.058942,97.2,1.2227,48.358,-1.4596
97,129.27,1.1223,38.146,2.1467,15.695,0.77891,50.88,0.19266,96.362,1.458,49.421,-1.7623
98,129.4,0.80869,39.094,2.1366,15.593,0.93883,52.068,0.19304,96.699,0.97769,48.827,-1.6032
99,129.37,0.83547,39.043,2.1587,15.936,1.0412,49.37,0.14596,96.39,1.3818,48.377,-1.8359
100,128.99,0.65206,38.926,2.0393,14.946,0.9908,50.245,0.16939,97.101,1.4009,48.899,-1.9399
101,128.09,1.068,39.482,2.1003,14.619,0.87988,48.478,-0.14507,95.873,1.0172,48.952,-1.6397
102,127.47,0.83622,38.749,2.156,14.56,0.84928,48.313,0.53439,96.314,1.2769,49.788,-1.8649
103,127.42,0.69974,40.69,1.94,14.52,0.92603,47.788,0.46182,96.092,1.1187,49.194,-1.734
104,127.54,0.92386,40.704,2.3546,15.53,0.8638,48.459,0.32809,95.622,1.2243,50.254,-1.8919
105,126.88,0.70209,40.642,2.0431,15.051,0.99255,47.419,0.56946,95.101,1.1237,49.922,-2.1869
106,126,0.80208,40.557,2.03,13.915,1.0632,47.827,0.119,95.293,0.67615,50.069,-1.994
107,126.36,0.59703,41.077,2.2901,13.336,1.2473,47.873,-0.014628,96.319,1.2014,49.562,-2.3082
108,125.98,0.83648,40.845,2.1957,13.368,1.224,46.284,0.41308,95.326,1.2601,49.902,-1.8371
109,125.36,0.83975,41.039,2.1563,12.72,1.245,45.525,0.1255,94.383,1.5956,50.648,-1.6395
110,125.75,0.71913,42.474,1.7789,12.595,1.1644,45.115,0.53763,94.882,1.1473,50.415,-1.7959
111,124.45,0.5072,43.136,2.5196,13.465,1.3578,44.843,0.39572,93.808,1.363,51.341,-1.9134
112,124.7,0.43774,42.833,2.5593,11.835,1.5827,44.026,0.31747,94.263,1.1402,51.145,-1.8757
113,123.89,0.65324,43.271,1.7966,12.758,1.4498,44.614,0.27344,94.213,1.1782,50.504,-1.9596
114,123.63,0.81247,43.078,2.1684,12.812,1.4792,44.013,0.52242,94.587,1.2883,50.102,-1.9592
115,122.45,0.44453,43.774,2.2179,11.567,1.4358,43.296,0.55264,94.934,1.3402,52.333,-1.9314
116,123.11,0.80155,43.545,2.2766,12.408,1.3415,43.205,0.46512,94.743,1.3614,50.858,-1.5601
117,122.36,0.8324,44.336,2.0674,11.39,1.2932,40.766,0.44371,93.56,1.3221,50.82,-2.2451
118,122.09,0.533,44.76,2.3127,13.49,1.8858,41.984,0.37062,94.56,1.3134,51.911,-1.8863
119,121.34,1.0019,45.3,2.4013,11.909,1.4089,40.282,0.50745,93.063,1.4385,52.457,-1.9431
120,121.27,0.55648,44.393,2.5624,12.565,1.5718,40.765,0.045997,92.789,0.99769,52.854,-1.9033
121,120.05,0.92658,45.706,2.1047,12.616,1.4149,40.204,0.46609,92.517,1.3065,51.249,-2.2827
122,120.6,0.67836,44.813,2.3631,11.775,1.3296,39.241,0.62442,93.711,1.0395,52.498,-1.909
123,120.1,0.9376,45.938,2.4138,12.472,1.8199,39.731,0.5996,92.954,1.2935,51.863,-1.7588
124,119.6,0.9803,46.603,2.3434,12.793,1.5382,38.952,0.35142,93.216,1.2273,53.165,-1.8845
125,120.06,1.011,46.959,2.2613,11.799,1.3928,38.869,0.52239,93.278,0.96055,53.375,-1.9789
126,119.38,0.74232,47.221,2.1799,13.486,1.8486,37.479,0.041013,92.846,1.3149,52.682,-2.0301
127,118.91,0.82321,46.753,2.4168,12.67,2.0327,36.714,0.38829,91.822,1.344,53.848,-2.0266
128,118.63,0.99145,47.913,2.1034,12.743,2.1034,36.697,0.31466,93.05,1.3749,54.406,-2.1284
129,118.66,0.86437,47.989,2.2708,13.355,1.7674,35.926,0.082374,92.54,1.3875,53.846,-2.0645
130,117.52,0.78214,49.056,2.349,12.955,1.9901,36.131,0.36178,91.985,1.1119,54.821,-2.0799
131,117.8,0.8202,48.471,2.3443,13.481,1.7514,35.254,0.27942,91.33,1.4239,55.035,-1.9953
132,117.1,0.7308,49.314,2.6041,14.363,2.1597,35.402,0.45324,93.07,1.4254,54.911,-2.2846
133,116.5,0.84784,49.444,2.3987,14.149,2.1685,34.69,0.57168,92.561,1.3435,54.642,-1.9222
134,117.44,0.80043,49.045,2.4705,14.86,2.2247,34.097,0.5553,91.634,1.3758,55.73,-2.1806
135,115.41,0.87462,49.94,2.1718,14.343,2.1411,33.909,0.32281,91.166,1.2368,55.631,-2.1818
136,115.49,0.90633,50.299,2.1162,15.213,1.8368,33.356,0.62315,91.005,1.2905,57.192,-1.9761
137,114.82,0.69847,50.831,2.6686,14.466,1.9253,32.411,0.57334,92.646,1.2273,56.884,-1.9884
138,114.33,0.82143,51.433,2.2478,15.51,2.399,31.449,0.37528,91.37,1.4629,56.464,-2.0819
139,114.47,0.84367,52.06,2.0385,15.373,2.3856,32.573,0.58775,92.289,1.489,57.561,-2.363
140,113.45,0.72105,52.135,2.3373,15.81,2.4705,32.223,0.51508,90.957,1.2067,56.253,-2.2169
141,114.43,0.82994,53.192,2.2392,16.518,2.2398,30.709,0.50005,91.09,1.482,57.828,-2.0209
142,113.73,0.79289,54.161,2.5533,17.57,2.4087,29.749,0.31597,90.678,1.3787,57.928,-1.924
143,113.88,1.104,53.417,2.2194,17.148,2.5227,29.744,0.76183,91.756,1.2861,59.143,-2.3024
144,112.3,0.78155,53.712,2.4339,17.123,2.4604,29.117,0.58524,91.655,1.5511,57.621,-2.1417
145,113.33,0.71822,54.03,2.6249,18.011,2.3411,29.081,0.50116,91.475,1.3684,58.753,-2.1445
146,111.8,0.86496,54.747,2.4442,17.539,2.1538,27.816,0.36492,90.976,1.3818,57.922,-2.2805
147,112.71,0.60048,54.555,2.3381,19.2,2.6439,28.148,0.38695,90.584,1.4399,59.38,-2.1371
148,111.89,0.81009,54.368,2.6273,18.969,2.647,27.513,0.57542,90.886,1.4962,60.089,-2.1635
149,111.94,0.8326,55.48,2.4942,18.945,2.2553,26.933,0.732,91.131,1.2683,59.34,-2.4064
150,111.53,1.0723,56.358,2.5776,20.109,2.6424,25.951,0.83971,90.544,1.6284,60.58,-1.7441
151,109.86,0.96166,57.002,2.7371,19.824,2.7012,26.656,0.40973,90.637,1.4113,60.473,-2.1471
152,110.18,0.94793,55.881,2.6036,21.488,2.6635,25.606,0.57919,90.671,1.5139,60.39,-2.4214
153,110.22,0.76655,57.983,2.478,20.518,2.2971,25.371,0.48162,91.131,1.5693,61.897,-1.951
154,108.96,1.144,57.314,2.5033,21.56,2.592,24.971,0.75099,90.704,1.7956,61.208,-2.2338
155,109.41,0.85724,58.464,2.5165,22.235,2.3872,25.029,0.5332,90.996,1.5408,61.608,-2.1276
156,109.42,0.92106,58.666,2.5986,22.153,2.5629,24.241,0.24044,90.857,1.2395,61.369,-2.0596
157,108.06,0.64441,58.154,2.4393,21.292,2.6994,23.747,0.58302,90.055,1.5331,62.131,-2.173
158,108.83,0.65981,60.124,2.5269,22.56,2.4429,23.285,0.37348,90.974,1.2145,62.371,-2.5753
159,108.85,0.7337,59.622,2.4192,23.125,2.7528,23.997,0.80307,91.124,1.578,63.071,-2.21
160,107.7,0.95972,60.588,2.5479,23.477,2.5064,22.082,0.7417,89.643,1.2788,63.703,-2.579
161,107.64,0.71507,60.013,2.5307,25.126,2.4266,22.609,0.50131,90.543,1.4936,63.481,-1.934
162,107.17,0.85276,61.004,2.2897,24.797,2.5944,22.416,0.77305,88.893,1.6297,63.825,-2.2323
163,107.11,1.0817,60.2,2.4156,25.625,2.6129,21.536,0.55785,89.95,1.2789,64.659,-2.3351
164,106.82,1.015,61.691,2.3273,25.289,2.616,21.107,0.71272,90.89,1.5344,64.648,-2.3719
165,106.21,0.81194,61.305,2.4075,25.894,2.5768,20.226,0.88898,90.115,1.7144,64.747,-2.4358
166,105.44,0.82057,61.685,2.638,27.411,2.6043,20.997,0.7094,90.377,1.5399,64.599,-2.1347
167,105.98,0.67475,62.548,2.6353,26.99,2.4833,19.948,0.63335,89.857,1.5666,65.144,-2.1327
168,105.14,0.91756,63.055,2.7334,27.54,2.5541,19.952,0.75972,90.932,1.6638,66.112,-2.2611
169,105.02,0.81243,64.192,2.7794,28.188,2.6118,20.192,0.73225,89.95,1.7016,66.595,-2.1245
170,104.5,1.136,64.053,2.2989,28.713,2.925,19.412,0.92716,89.836,1.2804,66.918,-2.4159
171,104.01,1.0844,64.511,2.4338,29.541,2.5628,19.21,0.68473,89.321,1.6771,68.124,-2.2604
172,104.6,0.95763,64.684,2.5359,28.886,2.7807,18.09,0.92278,89.787,1.7149,67.768,-2.1517
173,103.96,0.7295,65.362,2.5838,29.744,2.5718,17.629,0.79506,89.908,1.4655,67.987,-2.6372
174,103.76,0.83764,65.971,2.6745,29.876,2.4638,17.652,0.90259,90.305,1.8457,67.361,-2.545
175,103.16,0.98753,65.741,2.7024,31.269,2.9334,17.594,0.84019,90.384,1.5163,67.272,-2.2343
176,102.79,0.69433,66.046,2.8275,31.051,2.6873,17.113,1.0859,90.087,1.5553,68.278,-2.2434
177,102.85,1.0196,67.459,2.6957,31.794,3.0734,17.535,1.0296,90.355,1.5238,68.579,-2.426
178,103.2,0.90402,67.373,2.4013,32.179,2.8975,16.772,0.65742,89.614,1.4034,69.574,-2.3785
179,102.11,1.1638,67.99,2.6095,32.511,-3.1374,16.036,1.1039,89.963,1.8868,69.514,-2.5874
180,102.05,0.83499,68.226,2.4019,32.737,2.6744,16.211,1.0115,90.372,1.7931,69.429,-2.3975
181,102.05,1.3431,69.367,2.6044,33.21,2.8006,15.813,0.92279,91.08,1.7756,70.368,-2.3949
182,101.01,1.2805,68.483,2.736,33.922,2.8888,15.355,0.95114,90.544,1.8506,71.591,-2.5292
183,102.14,1.0923,69.726,2.664,34.043,2.6402,15.525,1.1199,91.526,1.7572,71.985,-2.1764
184,100.77,1.3052,69.677,2.6626,34.315,2.5515,14.913,1.258,90.184,1.5642,72.435,-2.2623
185,100.54,0.97436,71.355,2.2105,35.526,3.1306,14.392,1.3092,90.062,1.8093,71.115,-2.6613
186,101,0.89189,70.329,2.7631,36.536,2.5859,14.527,1.3203,90.295,1.6072,72.843,-2.3241
187,101.26,0.89907,71.981,2.7012,36.395,2.641,14.904,1.1324,91.705,1.5282,72.73,-2.5166
188,99.195,1.0192,72.056,2.4838,37.275,2.9036,14.793,1.3787,90.455,1.4041,72.954,-2.6414
189,99.625,1.0292,73.483,2.54,37.778,2.7409,13.52,1.5103,89.703,1.767,72.919,-2.388
190,99.684,1.1265,72.659,2.5863,38.133,2.6432,13.94,1.7386,90.663,1.6047,72.765,-2.4783
191,98.889,1.0323,73.879,2.4645,38.237,2.8129,13.334,1.6623,91.426,1.8193,74.046,-2.6319
192,98.894,0.78822,74.54,2.4079,38.832,2.7668,12.419,1.435,90.274,1.8632,74.897,-2.7375
193,98.714,1.2867,73.641,2.6686,39.191,2.666,14.333,1.2073,91.093,1.5471,75.203,-2.616
194,97.613,0.92644,74.662,2.6905,39.571,2.6703,13.47,1.2242,90.233,1.241,75.432,-2.4292
195,98.265,1.1089,75.112,3.1002,39.613,2.7946,13,1.7378,91.772,1.4361,75.662,-2.114
196,98.164,1.1691,74.912,2.7168,40.275,2.5724,13.073,1.5654,90.858,1.5191,76.389,-2.6055
197,97.43,1.2132,76.028,2.6456,41.234,2.7901,12.992,1.7462,91.261,1.6087,76.648,-2.4594
198,97.262,0.62702,76.46,2.4239,41.649,2.6198,13.076,1.8561,91.139,1.5309,76.984,-2.5385
199,95.996,0.77564,76.13,2.7681,41.926,2.8996,13.319,1.3725,91.43,1.9298,77.211,-2.2723
200,96.513,0.95708,77.486,2.8968,42.528,3.0387,13.757,1.3954,90.684,1.8554,78.064,-2.4824
201,96.258,1.0644,77.053,2.7466,42.165,2.9076,14.562,1.8609,91.086,1.6014,77.91,-2.036
202,96.501,1.1346,79.16,2.7421,43.248,2.5782,14.763,1.7554,91.666,1.8746,77.693,-2.3375
203,95.858,0.94046,79.874,2.7301,44.14,2.9735,13.478,1.9439,92.118,1.5495,79.324,-2.7886
204,94.967,1.0171,78.443,2.7607,44.487,2.8356,13.989,1.6949,91.198,1.705,78.931,-2.8991
205,95.001,1.1467,79.186,2.7679,44.459,2.7877,14.171,1.9191,91.595,1.903,78.417,-2.4466
206,95.432,1.0242,80.233,2.6868,45.75,3.0216,13.756,1.966,91.329,1.7174,79.903,-2.4911
207,94.617,1.0124,79.627,2.5671,45.444,-3.126,14.389,1.9508,92.383,1.5742,80.337,-2.8841
208,95.255,0.9657,80.421,2.6624,46.339,2.7674,15.152,1.7496,91.851,1.7232,82.14,-2.3687
209,94.085,1.074,80.799,2.5844,45.279,2.9173,14.866,1.9452,91.885,1.9321,81.302,-2.508
210,94.546,0.88925,82.241,2.2148,47.35,2.7219,15.265,1.9554,91.89,1.3584,81.616,-2.6492
211,94.155,1.1523,82.052,2.5758,47.436,3.091,14.643,2.1167,91.866,1.729,82.299,-2.6131
212,93.399,0.82557,82.695,2.3569,48.523,2.5365,15.319,1.7937,92.188,1.4513,82.561,-2.2408
213,95.172,1.081,82.359,2.1271,48.394,2.9297,15.659,1.972,92.554,1.5624,83.511,-2.6426
214,92.805,0.94231,83.112,2.2126,50.011,2.8358,15.813,1.8839,91.96,1.673,83.209,-2.8031
215,92.196,0.93417,83.506,2.6481,49.723,2.4959,16.766,2.0919,91.606,1.6795,83.809,-2.5481
216,93.288,0.74302,84.103,2.4433,49.963,2.2435,15.379,2.1081,92.41,1.6203,83.704,-2.6246
217,92.414,0.94981,84.518,2.5302,50.922,2.4571,15.989,2.1817,92.415,1.4301,84.98,-3.027
218,91.733,0.96506,85.79,2.4765,51.03,2.7906,17.143,2.3165,92.9,1.8987,85.778,-2.6972
219,90.792,1.0468,84.457,2.343,51.26,2.4871,15.988,2.1756,92.981,1.3426,86.277,-2.3791
220,91.9,1.1198,85.984,2.4323,50.749,2.4814,17.131,1.7383,92.751,1.6742,86.343,-2.7702
221,91.547,1.1254,85.714,2.594,52.033,2.586,17.187,1.9513,92.296,1.3269,86.55,-2.823
222,90.32,0.74315,85.686,2.3145,52.236,2.6912,17.945,2.0137,93.138,1.0541,86.449,-2.7988
223,91.23,0.98983,86.496,2.1351,53.03,2.6813,17.772,1.7182,92.395,1.7839,86.663,-3.0086
224,90.431,0.7372,87.452,2.7385,53.864,2.5757,18.306,2.0177,92.274,1.5402,88.006,-2.8963
225,89.561,0.58823,87.446,2.2318,53.473,2.8533,18.378,1.7359,91.36,1.6546,88.865,-2.8103
226,89.329,0.65026,87.407,2.2211,54.542,2.7403,18.324,1.8411,92.601,1.1424,88.894,3.1133
227,89.962,0.94573,88.2,2.3814,54.007,2.5286,18.906,1.9731,92.038,1.6172,89.022,-2.7407
228,88.882,0.77725,88.688,2.1738,54.944,2.6695,19.474,1.945,92.235,1.5744,90.891,-2.8702
229,88.043,0.6915,88.913,2.5336,55.621,2.8805,19.567,2.072,92.526,1.3651,90.448,-2.9998
230,87.554,0.61421,89.224,2.0613,55.733,2.5316,20.388,2.3627,91.939,1.4229,91.806,-2.948
231,87.507,0.4979,89.706,2.6107,56.805,2.7312,19.92,2.1279,92.568,1.3865,91.858,3.1348
232,87.394,0.90448,90.247,2.0882,57.201,2.5096,19.811,2.016,91.328,1.4845,92.514,-2.9753
233,86.968,0.65482,91.341,2.1095,57.449,2.7148,20.813,2.3101,91.846,1.3242,92.672,-2.843
234,85.482,0.72893,91.796,2.4266,58.492,2.6199,19.879,2.0594,91.948,1.2676,93.218,2.9973
235,85.603,0.7547,91.469,2.2706,57.88,2.339,20.86,2.016,91.901,1.1288,92.761,-2.7102
236,85.654,0.50651,92.346,2.4351,58.166,2.5735,21.597,1.981,92.397,1.4632,94.708,-3.0867
237,86.085,0.29009,91.017,2.2687,58.326,2.4659,21.929,2.2939,91.76,1.5059,95.101,-2.9659
238,85.327,0.77081,92.219,2.2451,59.195,2.4045,22.938,2.6014,91.099,1.5028,94.925,3.1311
239,85.246,0.32641,91.524,2.4417,59.443,2.5425,22.84,2.0793,91.082,1.3318,95.506,-2.8647
240,84.306,0.61984,92.419,2.2015,60.682,2.3886,23.158,2.0608,91.971,1.3555,96.917,-3.0659
241,84.059,0.76814,93.311,1.9311,59.904,2.6097,21.865,1.5304,90.676,1.5208,96.133,-3.0057
242,83.463,0.26465,92.884,2.0396,60.775,2.4686,23.12,1.9109,91.58,1.3874,97.768,3.1223
243,84.402,0.33125,93.84,2.1331,61.138,2.4505,22.484,2.2337,90.799,1.2503,96.878,3.1166
244,82.748,0.77162,93.71,2.1423,60.802,2.4722,23.649,2.1867,91.145,1.2964,98.664,-3.0661
245,81.661,0.2989,93.984,2.2351,61.882,2.1116,24.395,1.7924,90.767,1.7118,98.696,-3.0314
246,81.498,0.47139,95.078,1.8651,61.606,2.4844,24.254,2.2769,89.881,1.2864,98.364,2.9568
247,80.81,0.51579,94.577,1.9931,63.088,2.3899,23.436,2.4242,89.986,1.2325,99.596,2.7558
248,80.488,0.73195,95.248,2.0186,63.103,2.0515,24.333,2.1098,89.485,1.2646,100.03,2.7895
249,80.71,0.6946,95.625,2.3122,63.715,2.1361,24.253,2.0764,91.419,1.4545,100.92,-3.02
250,79.809,0.56288,95.861,2.0373,63.38,2.3512,24.872,1.9568,89.557,1.4003,102.9,2.7745
251,79.758,0.29926,95.962,1.8266,64.463,2.4792,25.752,2.1479,90.028,1.3157,101.95,2.5596
252,78.911,0.27438,96.363,1.9388,64.496,2.0635,25.548,2.1544,88.923,1.2766,102.22,-3.0663
253,78.668,0.46875,96.576,2.1439,64.953,2.3721,26.03,2.2677,90.164,1.0556,102.15,2.8268
254,77.685,0.32962,97.733,2.5223,64.241,2.6423,26.519,2.2332,88.641,1.2505,102.66,3.0626
255,78.46,0.28556,96.055,1.9739,64.549,2.2365,26.553,2.2315,89.372,1.0759,103.12,2.9288
256,77.122,0.74088,96.219,2.1053,65.046,2.1375,27.016,2.1787,89.109,1.1319,103.6,2.7643
257,76.381,0.4247,97.81,1.7726,65.478,2.1217,26.413,2.0473,88.214,1.4606,104.4,2.8838
258,77.038,0.1721,97.524,2.0899,65.728,2.3063,27.48,2.4254,88.128,1.0584,106.14,2.7529
259,76.142,0.18714,98.001,2.2362,66.281,2.0652,27.733,2.2063,89.184,0.84949,105.3,2.9875
260,76.195,0.24053,97.976,1.9504,66.974,2.0146,28.119,2.2794,87.942,1.1727,105.76,2.9347
261,74.841,0.39912,97.668,1.7757,66.818,2.5151,28.601,2.2289,88.326,1.1709,106.21,2.5637
262,74.228,0.42553,97.871,2.157,67.964,2.1603,27.535,2.3547,87.479,1.1908,106.16,2.8348
263,74.435,0.11253,97.674,2.094,67.459,2.2323,29.079,2.0219,87.66,0.90265,107.48,2.5561
264,74.086,0.59429,98.613,1.6786,67.928,2.5073,30.067,2.2243,87.531,1.0869,107.33,2.8758
265,72.933,0.37393,98.348,2.3651,67.705,2.0709,30.068,2.0459,85.801,1.2897,108.64,2.9828
266,71.949,0.43111,99.11,1.7838,67.7,2.3095,28.992,2.1319,86.27,0.98396,107.71,2.59
267,72.151,0.50425,98.611,1.9679,68.761,2.0564,28.788,2.0654,86.087,1.0912,109.3,2.9415
268,71.069,0.14027,98.882,1.7846,69.2,2.5266,30.255,2.1147,85.584,1.2403,109.35,2.5814
269,70.632,-0.16124,99.72,1.4608,68.898,2.124,29.407,2.292,85.729,0.73695,110.88,2.5818
270,71.618,0.26448,99.603,1.528,69.379,2.1165,31.067,1.8414,85.456,1.0621,109.97,2.5366
271,69.016,0.50544,98.544,1.8152,69.24,1.9896,31.094,2.2725,84.765,0.93648,111.87,2.2333
272,70.059,0.19977,98.903,1.9354,68.719,1.8765,31.828,1.7891,85.313,0.83544,111.03,2.7932
273,69.165,0.15282,100.06,1.8102,69.672,2.2949,30.841,2.008,84.174,1.3516,111.87,2.4469
274,68.626,0.13032,100.15,1.7487,70.402,2.0793,31.695,2.1274,84.683,1.1351,112.76,2.542
275,68.142,0.18943,99.287,1.8941,69.735,1.7914,31.202,2.1765,84.314,1.0084,112.26,2.5343
276,67.88,0.089205,99.829,1.45,71.002,1.7413,32.004,2.1857,84.577,0.88155,112.87,2.6857
277,66.854,0.35066,100.49,1.7797,71.753,2.0867,32.821,2.2496,83.312,0.99653,113.26,2.3833
278,66.949,0.16276,100.55,1.7149,71.544,1.9989,32.874,2.0912,83.059,0.836,113.87,2.6074
279,66.764,-0.0087012,100.54,1.811,70.678,2.019,32.886,1.9496,83.728,0.48942,114.3,2.7914
280,65.566,-0.0015934,101.07,1.5785,71.705,2.0127,33.227,2.5858,82.242,1.1415,114.73,2.6559
281,65.393,-0.21524,101.58,2.0836,70.935,2.0712,34.017,2.3273,82.511,0.84026,115.37,2.334
282,64.481,0.012021,100.63,1.6339,72.312,1.7066,32.923,1.7587,81.898,0.65584,115.37,2.7128
283,63.598,-0.13464,100.88,2.0474,72.264,1.7622,33.754,2.1076,81.598,0.63746,115.57,2.4597
284,64.294,-0.21806,101.1,1.54,73.705,1.998,34.527,2.049,80.859,0.73705,116.78,2.3483
285,63.534,-0.080009,100.26,1.5487,72.853,1.8508,35.103,1.9323,81.157,0.88843,117.12,2.545
286,62.039,-0.14959,100.78,1.8287,73.324,1.8758,33.924,2.2109,81.278,0.7815,117.12,2.4724
287,62.536,-0.32193,101.33,1.6826,72.687,1.9426,35.015,2.0575,79.798,0.79562,117.67,2.6957
288,62.064,-0.085176,100.53,1.9114,73.894,1.6191,35.031,1.74,80.806,0.60442,118.01,2.4112
289,61.575,-0.05691,100.73,1.2543,72.362,1.8863,36.014,2.3581,79.519,0.96544,118.1,2.24
290,60.377,-0.15488,100.69,2.0404,72.887,1.8753,35.695,2.0925,79.027,0.59606,119.25,2.1844
291,60.836,-0.20632,101.23,1.351,72.941,2.2706,35.692,1.838,79.113,1.0013,118.17,2.604
292,59.631,-0.18276,101.77,1.5037,74.362,1.888,35.807,2.1735,78.281,0.62461,118.8,2.5294
293,59.769,-0.097097,100.88,1.1806,73.07,2.0883,35.913,2.349,76.895,0.98336,119.19,2.4
294,59.342,-0.25767,100.78,1.5752,74.091,1.4962,35.737,2.2745,77.734,0.94203,119.67,2.5139
295,58.85,-0.20398,101.71,1.6612,74.395,1.8741,36.673,1.8729,77.527,0.87448,120.23,1.7966
296,57.623,0.08083,100.54,1.6963,74.523,1.9139,36.581,1.9967,77.06,0.64479,120.65,2.1871
297,57.005,-0.25265,102.23,1.3367,74.522,1.6313,36.529,2.0455,76.78,0.68849,121.06,2.2379
298,57.106,-0.6093,101.19,1.4065,74.787,2.0561,37.413,1.9796,76.35,0.37804,121.51,2.405
299,55.936,-0.24495,101.79,1.5731,74.483,1.6697,37.175,2.0134,75.597,0.90784,121.66,2.2677
300,55.871,-0.57819,100.72,1.6931,73.807,1.6771,37.508,2.1553,74.616,0.74231,121.46,2.159
301,54.81,-0.56234,101.02,1.2613,74.381,1.8088,37.976,1.6642,75.536,0.64228,121.62,1.8033
302,54.559,-0.24193,101.82,1.5272,75.075,1.8397,38.793,2.1622,75.069,0.59246,122.03,2.3556
303,54.716,-0.36252,101.96,1.4473,75.866,1.6977,38.274,2.1975,73.791,0.28716,124.27,2.4947
304,53.182,-0.40639,101.09,1.2714,75.565,1.4426,38.768,2.0269,74.651,0.6833,123.3,1.9789
305,53.347,-0.56239,101.27,1.6747,75.484,2.1974,38.585,2.087,72.806,0.41569,123,1.8946
306,52.712,-0.42564,100.81,1.364,74.748,1.8207,39.74,1.779,73.277,0.51703,124.2,2.4042
307,52.115,-0.5019,101.15,1.2253,75.159,1.8777,39.274,1.9141,73.063,0.58594,123.78,2.6866
308,51.87,-0.46743,100.33,1.503,75.125,1.5774,39.1,1.9169,71.001,0.49444,124.68,2.2227
309,51.925,-0.47939,100.78,1.505,75.443,1.9114,39.45,2.0739,71.377,0.70401,123.78,2.076
310,50.774,-0.70784,100.03,1.5303,76.122,1.7832,40.43,2.0682,70.848,0.70053,124.45,2.1175
311,51.31,-0.54518,99.592,1.3443,76.507,2.0919,39.228,2.1023,70.894,0.79037,125.34,1.8657
312,50.354,-0.57669,101.33,1.4252,76.134,1.7639,40.128,1.8354,70.117,0.55145,125.86,1.9412
313,49.781,-0.40613,100.16,1.2085,76.183,1.4513,40.371,1.8833,69.684,0.28927,124.94,2.0745
314,50.763,-0.52005,99.43,1.0188,75.952,1.1329,40.572,1.9392,69.587,0.48054,125.43,1.9685
315,48.658,-0.49293,100.18,1.6378,75.981,1.543,40.238,2.0718,69.615,0.11825,126.31,2.2349
316,48.792,-0.88054,99.588,1.3303,75.779,1.6134,41.193,1.9047,68.94,0.22895,126.77,2.0846
317,48.177,-0.37088,99.227,1.1413,76.244,1.534,41.948,2.0412,67.69,0.27038,125.38,1.8616
318,48.008,-1.1575,98.908,1.3308,76.406,1.4744,41.392,1.9294,68.375,0.67078,126.25,1.9051
319,47.325,-0.17951,99.019,1.0218,74.929,1.6238,42.384,2.1012,67.264,0.35073,126.1,1.7292
320,46.317,-0.67783,99.324,1.1884,76.321,1.8384,42.433,2.0292,66.538,0.33281,127.03,1.9409
321,45.829,-0.97184,99.031,1.0574,75.596,1.4183,41.793,2.0427,66.385,0.35319,128.12,2.0982
322,46.276,-0.85378,99.032,0.91727,76.651,1.3068,41.93,1.7542,65.099,0.59558,127.71,2.0534
323,45.645,-0.8303,99.788,1.4742,75.957,1.7452,42.108,1.9812,65.296,0.35079,128.15,1.9103
324,46.226,-0.93774,99.163,1.1148,77.045,1.3781,41.82,2.0423,65.088,0.10095,128.74,1.9365
325,45.945,-0.9662,97.818,1.3043,75.808,1.6071,41.463,1.5335,64.053,0.20622,127.18,1.7655
326,45.115,-0.9079,97.642,0.91965,75.166,1.4585,42.947,1.9655,64.25,0.54528,127.52,1.8619
327,45.263,-1.2331,98.137,1.4314,76.708,1.4651,43.848,2.0306,63.109,0.48822,128.43,1.6466
328,44.29,-0.96003,98.343,1.0211,75.123,1.5436,43.451,1.8889,62.383,0.40433,128.53,1.6249
329,43.559,-1.0069,96.629,1.2879,75.45,1.9286,42.497,1.8848,62.137,0.2393,128.25,1.38
330,43.961,-0.95565,96.658,1.5558,75.565,1.3669,43.165,1.768,61.914,0.43792,128.21,1.9101
331,43.46,-0.91392,96.668,1.2122,75.619,1.5077,42.118,1.6896,61.303,0.23241,128.92,1.7042
332,43.379,-1.0096,96.397,0.86332,76.021,1.1857,43.774,2.0419,60.603,-0.013497,128.66,1.8421
333,42.563,-0.92771,97.546,1.3809,75.807,1.3485,44.034,1.9254,59.388,0.13898,129.25,1.7755
334,42.564,-1.3188,95.851,1.0544,75.39,1.6018,44.028,1.9063,60.179,0.32703,128.67,2.118
335,42.541,-1.1851,96.364,0.87332,76.082,1.3626,44.286,1.8854,60.001,0.16299,129.08,1.5968
336,42.595,-1.1047,97.307,1.169,75.792,1.314,44.834,1.7698,58.554,0.10805,129.7,1.7688
337,42.206,-1.2567,96.099,0.82284,74.77,1.4436,44.827,1.7507,57.84,-0.099321,129.13,1.6732
338,42.527,-1.2078,95.238,1.1397,75.197,1.5115,43.22,1.732,58.522,0.13131,129.05,1.769
339,41.38,-1.2492,95.192,1.0936,75.075,1.7231,44.831,1.8276,56.965,-0.25382,128.74,1.6574
340,42.461,-1.4201,95.75,1.0188,76.243,1.5783,44.466,1.6982,56.824,0.095486,130.37,2.0132
341,42.026,-1.2832,94.977,1.0023,74.885,1.1982,44.418,1.7598,55.989,0.034278,129.45,2.0131
342,41.635,-1.6478,94.435,0.98818,75.044,1.1718,45.221,1.839,55.999,-0.21442,129.82,1.6076
343,41.31,-1.3429,93.625,1.1309,74.819,1.7552,44.64,1.4944,55.176,0.19916,128.96,1.9347
344,40.367,-1.3503,93.525,1.1015,76.354,1.474,45.073,1.8663,54.93,-0.0091956,129.91,1.7739
345,40.547,-1.2895,93.434,0.75031,75.339,1.0945,45.414,1.9965,53.716,0.025804,130.2,1.7964
346,41.461,-1.3961,93.749,1.1177,74.078,1.0636,45.093,1.5774,53.73,0.05606,130.3,1.6372
347,40.684,-1.2976,92.706,0.90823,74.223,1.3648,45.194,1.6822,53.479,-0.15556,129.65,1.6015
348,42.024,-1.5463,92.318,0.90308,74.311,0.92951,44.951,2.0381,52.7,-0.17382,130.37,1.7099
349,40.898,-1.6933,91.754,0.67089,74.531,1.3679,45.451,1.8264,51.818,0.014228,130.17,1.6044
350,40.755,-1.8424,92.325,0.79297,73.426,1.0482,46.117,1.9004,52.359,-0.10721,130.39,1.5409
351,41.178,-1.5938,91.871,0.39948,72.951,1.0534,45.848,1.8182,50.878,-0.46237,130.2,1.6443
352,40.278,-1.354,92.597,0.99845,73.434,1.4984,45.549,1.5305,50.307,0.18799,129.7,1.6347
353,40.957,-1.6756,90.908,1.0281,73.257,0.98924,45.872,1.6185,50.152,-0.1456,130.56,1.7697
354,40.681,-1.9486,90.799,0.72461,72.607,1.2708,45.871,1.605,49.436,-0.22027,129.36,1.5023
355,41.679,-1.7485,91.185,0.99941,72.961,1.0474,46.454,1.7729,48.736,-0.29269,128.81,1.3721
356,40.769,-1.5396,90.738,0.73252,72.641,1.1822,46.319,1.7337,48.246,-0.069231,130.58,1.3371
357,41.031,-1.9301,89.939,1.0418,72.772,1.2898,46.228,1.4775,48.086,-0.1209,130.35,1.6464
358,40.91,-1.7894,89.001,0.56084,73.275,1.1763,46.568,2.1021,47.64,-0.25892,130.92,1.1378
359,41.809,-1.9073,89.456,0.67989,72.621,1.171,46.183,2.1065,48.113,-0.26752,130.2,1.3827
360,41.738,-1.7458,88.961,0.75729,72.145,1.1652,47.046,2.1476,46.533,-0.18689,130.98,1.2938
361,41.727,-1.6702,87.866,0.6306,72.237,1.205,46.687,1.3562,45.848,-0.58233,128.96,1.4852
362,41.14,-1.8783,88.272,0.97184,72.788,1.1177,46.032,1.6459,46.246,-0.36498,129.75,1.301
363,42.117,-1.8809,87.447,0.88554,70.995,1.1489,45.556,1.6549,46.605,-0.50425,129.64,1.5684
364,42.82,-1.9199,88.697,1.0646,70.921,1.2431,47.189,1.7244,44.985,-0.46254,128.98,1.2166
365,42.014,-1.9898,86.778,0.71899,72.045,1.109,46.96,1.2849,43.822,-0.29715,129.86,1.2302
366,42.429,-1.8998,86.704,0.49815,71.821,1.5452,46.725,1.2866,44.58,-0.27425,129.31,1.1201
367,42.509,-2.1702,86.179,0.53275,69.561,0.84496,45.791,1.8636,43.756,-0.34638,130,1.5121
368,42.61,-1.9782,85.899,0.52401,69.742,1.3089,46.874,1.7198,43.148,-0.48774,129.68,1.4413
369,44.198,-2.0126,85.394,0.54335,70.794,1.3877,46.27,1.7736,42.505,-0.58789,129.28,1.1665
370,42.09,-2.1998,85.587,0.63925,70.144,1.3705,46.879,1.8479,42.689,-0.48129,128.45,1.1107
371,43.489,-2.0502,84.826,0.56183,70.67,0.73693,46.381,1.4539,42.1,-0.16137,129.83,1.2699
372,43.201,-2.2013,84.301,0.58584,68.851,0.89276,47.161,1.5302,41.147,-0.68615,128.26,1.3467
373,44.66,-1.7914,83.099,0.42318,70.759,1.4803,46.357,1.6987,40.531,-0.32357,128.84,1.4004
374,44.716,-2.1759,84.387,0.29392,68.618,1.3287,46.672,1.6329,40.074,-0.13387,129.12,1.2807
375,45.335,-2.1675,82.863,0.66607,69.258,0.63666,46.778,1.6449,40.68,-0.57463,127.83,1.1857
376,45.444,-2.0784,83.696,0.76856,68.716,0.7674,47.839,1.6661,41.097,-0.060753,127.56,1.497
377,45.538,-2.2257,81.804,0.69213,67.759,0.8529,46.826,1.7683,39.545,-0.92675,127.69,1.3477
378,46.614,-2.4831,81.646,0.54008,69.686,1.0171,46.916,1.4921,39.34,-0.76049,128.29,1.202
379,46.833,-2.3611,82.118,0.84959,67.824,0.98867,47.055,1.5348,38.323,-0.6208,126.53,0.97656
380,47.46,-2.2615,81.083,0.77839,67.27,1.033,47.084,1.3642,38.877,-0.73818,127.29,1.1932
381,47.184,-2.3807,79.969,0.58418,66.726,1.2234,46.822,1.6674,38.216,-0.84919,127.68,1.1978
382,47.295,-2.7012,80.079,0.48264,67.29,0.925,46.672,1.5243,37.909,-0.49327,127.49,1.3509
383,47.925,-2.2697,80.106,0.69495,67.074,1.1181,46.522,1.4077,37.504,-0.80559,127.28,1.3523
384,47.46,-2.2644,78.829,0.39944,67.11,0.99998,45.936,1.8125,36.881,-0.85877,127.11,1.1541
385,48.767,-2.7291,78.851,0.27457,65.819,0.89738,46.063,1.4417,37.239,-0.72779,127.05,1.2367
386,49.817,-2.8391,78.224,0.2559,65.841,0.85782,47.462,1.4476,36.494,-0.89912,126.11,1.2214
387,49.497,-2.486,78.12,0.67312,65.096,0.65846,46.44,1.3706,36.035,-0.49084,125.64,1.1586
388,50.138,-2.3562,78.062,0.33917,65.587,0.66662,45.982,1.7311,35.736,-0.817,125.99,0.95854
389,50.901,-2.3554,76.922,0.64891,64.469,0.65567,46.145,1.6395,34.952,-0.95759,125.85,1.0961
390,51.293,-2.3626,76.826,0.68055,65.564,0.61969,46.904,1.3524,34.185,-0.63383,125.54,1.1205
391,51.276,-2.6299,76.71,0.3919,64.028,0.69778,46.738,1.7529,34.123,-0.92679,125.11,0.85723
392,51.398,-2.5226,75.487,0.14144,63.346,1.0152,46.545,1.6529,34.619,-0.7033,124.18,1.1085
393,52.009,-2.8069,75.461,0.34763,62.816,0.94611,46.522,1.2446,33.198,-1.2447,125.08,0.85861
394,52.766,-2.725,75.44,0.56636,62.089,0.8682,46.718,1.3254,34.02,-0.89868,124.19,1.337
395,51.58,-2.6934,74.365,0.13683,62.78,1.0275,46.29,1.4697,34.279,-1.2627,124.15,1.0578
396,53.298,-2.8024,73.595,0.19279,63.336,0.95225,46.218,1.361,33.586,-0.77684,123.75,1.0914
397,53.405,-2.9258,73.231,0.22866,62.38,1.0599,46.314,1.2156,32.431,-1.144,123.79,1.0992
398,53.943,-2.8614,72.637,-0.072166,62.435,0.63986,45.718,1.2215,33.119,-1.2776,123.71,0.66678
399,54.541,-2.9633,71.761,0.41674,60.548,0.56276,47.334,1.4618,32.027,-1.0643,122.8,0.83429
400,55.622,-2.6462,71.658,0.41343,61.04,0.58947,46.65,1.3002,32.676,-1.3394,123.14,0.7302
401,55.283,-2.6844,71.808,0.020672,60.559,0.91829,45.404,1.2356,33.175,-1.0992,122.53,1.0481
402,56.007,3.0341,71.21,0.33542,60.827,0.88731,46.176,1.2087,31.653,-1.5629,122.62,0.97849
403,55.537,-2.8936,70.128,0.13524,58.957,0.7216,45.855,1.4688,32.453,-1.2653,121.83,0.76986
404,57.284,-2.6579,70.561,0.29248,60.208,0.81709,44.733,1.2373,32.764,-1.5054,121.84,1.0285
405,58.344,-2.6999,69.204,0.41419,58.978,0.68059,44.855,1.2631,31.991,-1.5501,120.67,0.74442
406,57.481,2.9872,69.165,0.015676,58.827,0.74914,44.986,1.3542,32.515,-1.2703,120.16,0.89426
407,58.587,-2.9594,68.651,0.075387,58.591,0.43322,45.379,1.5196,33.012,-1.4761,120.33,0.83975
408,59.03,-3.0731,67.697,0.032284,58.602,0.83379,45.336,1.1685,32.628,-1.648,120.03,0.96451
409,59.579,-2.7823,67.744,0.086483,58.472,0.48124,45.203,1.482,32.519,-1.7218,119.5,0.84506
410,59.349,-2.8168,66.358,0.22681,57.496,0.77369,45.324,1.6232,31.749,-1.628,119.68,0.9543
411,60.286,-3.0829,65.447,-0.09883,57.208,0.46692,45.317,1.8474,32.073,-1.944,119.42,0.42012
412,60.246,3.0523,66.091,0.022227,56.831,0.60762,44.285,1.1328,32.369,-1.7082,118.42,0.97692
413,60.751,3.0657,65.271,0.29143,56.248,0.81644,44.389,1.3935,32.483,-1.5647,118.79,0.96744
414,61.975,-3.0842,65.581,-0.10975,56.216,0.43727,45.319,1.4185,32.179,-2.0452,118.23,1.0314
415,62.674,-2.9739,64.419,-0.21966,55.194,0.16366,44.865,1.4271,33.734,-2.0501,117.86,0.51947
416,63.151,-3.0122,63.429,-0.023217,54.619,0.76971,45.039,1.2865,32.951,-1.8891,117.44,0.578
417,63.515,3.1348,62.57,-0.1279,55.605,0.44903,45.037,1.102,32.629,-1.9155,116.04,0.56471
418,64.221,3.1329,62.958,-0.15017,54.755,0.77025,44.045,1.1678,32.442,-1.6221,116.66,0.57745
419,64.39,2.8915,62.183,0.044242,53.755,0.37991,43.847,1.1938,33.141,-1.9327,115.99,0.56808
420,64.95,3.0447,61.573,-0.19185,53.457,0.35851,43.855,1.1911,33.783,-1.7464,115.59,0.59554
421,66.225,-2.9829,61.55,0.038577,52.846,0.77567,44.544,1.3437,33.562,-2.0684,115.34,0.63748
422,64.7,-2.7032,60.567,0.12314,52.405,0.52309,44.659,1.3786,33.724,-2.3286,114.83,0.33238
423,66.828,-3.0484,60.004,-0.19043,51.085,0.44688,44.186,0.93969,33.396,-2.1732,113.88,0.75112
424,67.673,2.664,58.63,-0.21079,51.409,0.43131,43.662,1.353,33.959,-1.9494,114.75,0.82401
425,67.736,-3.0171,59.412,-0.18653,51.381,0.32887,44.141,1.8942,33.739,-1.9339,113.41,0.58214
426,68.161,-3.0404,57.914,-0.20208,49.969,0.57531,44.048,1.4263,34.362,-2.3776,112.99,0.75874
427,68.216,2.8752,58.067,-0.36525,49.971,0.45135,43.73,1.2065,35.327,-2.1205,112.88,0.4312
428,68.539,3.0015,57.539,-0.26795,49.406,0.30163,42.819,1.4352,35.477,-1.8839,112.25,0.5299
429,69.22,2.9433,58.394,-0.12881,49.49,0.44535,43.507,1.1054,36.08,-2.468,113.22,0.62721
430,68.697,2.6437,56.491,-0.30348,48.238,0.81039,43.054,1.1103,36.195,-2.3849,111.42,0.51721
431,70.456,2.8222,56.722,-0.3671,48.712,0.47689,41.979,1.2236,35.85,-2.3177,110.77,0.40966
432,71.175,3.014,55.987,-0.21112,47.676,0.17447,42.651,1.1775,35.708,-2.2488,109.91,0.56328
433,71.019,2.6784,55.479,-0.33951,47.381,0.55139,42.937,1.4387,36.868,-2.1414,110.99,0.28699
434,72.009,2.9338,55.287,-0.55209,46.828,0.1242,41.811,1.4327,36.454,-2.4771,108.27,0.5612
435,72.347,2.9433,54.414,-0.12426,45.239,0.49229,42.351,1.4288,37.052,-2.3133,108.53,0.27485
436,73.112,3.0065,54.065,-0.76299,46.204,0.2339,41.493,1.1937,37.267,-2.521,108.97,0.67298
437,72.119,2.4253,53.693,-0.7036,45.763,0.1628,42.013,0.72773,38.457,-2.2396,108.09,0.11877
438,73.234,2.7805,52.674,-0.29669,44.322,0.30309,41.298,1.205,38.987,-2.3616,107.47,0.43551
439,74.45,2.5,53.682,-0.33369,44.924,0.59554,41.371,1.0996,39.229,-2.468,107.96,0.21208
440,74.89,2.9085,53.31,-0.24861,43.504,0.26,41.076,1.0627,39.028,-2.6514,107.16,-0.16513
441,75.179,2.934,51.896,-0.33702,43.162,0.23295,41.876,1.1575,39.642,-2.6868,106.61,0.22779
442,75.529,2.5186,51.683,-0.33737,42.934,0.32319,40.362,1.341,39.727,-2.2584,107.01,0.34826
443,76.513,2.6427,50.539,-0.48501,42.71,0.25197,39.844,0.84364,40.379,-2.6454,105.41,0.18043
444,77.05,2.7848,50.48,-0.74341,41.47,-0.20926,40.947,1.0855,40.968,-2.4462,104.93,0.090226
445,76.982,2.7547,49.926,-0.84593,41.503,-0.12761,41.263,1.3859,40.871,-2.7658,104.97,0.40594
446,77.53,2.7597,49.805,-0.5134,40.94,-0.12702,40.315,1.0684,42.617,-3.056,104.11,0.33183
447,78.002,2.5855,49.395,-0.63583,41.499,-0.071687,40.359,0.95472,42.92,-2.8443,104.03,0.093364
448,78.969,2.5967,48.205,-0.68491,40.176,-0.047968,38.23,1.207,43.169,-2.5624,103.52,0.23725
449,77.901,2.4483,47.66,-0.65454,39.82,-0.17248,40.063,1.6008,43.455,-2.8314,103.22,0.3554
450,80.15,2.3896,48.484,-0.39043,38.488,0.060693,39.999,1.2669,44.379,-2.3947,102.12,0.28042
451,80.668,2.904,48.105,-0.86196,38.238,0.055901,39.928,1.1716,44.519,-2.8258,101.36,0.44527
452,80.178,2.865,47.169,-0.4836,37.011,-0.028151,38.898,1.012,44.062,-2.7257,101.75,0.40233
453,81.137,2.8888,46.927,-0.74758,38.008,0.36957,37.827,1.3763,45.555,-2.6973,100.5,0.68148
454,82.166,2.6006,47.597,-0.42871,36.894,0.31036,37.971,1.3434,45.461,-2.9342,100.14,0.38753
455,81.207,2.7726,45.614,-0.7186,36.463,0.031215,37.536,1.1587,45.648,-3.0812,99.894,-0.2761
456,81.308,2.7813,45.508,-0.88809,36.086,-0.11247,37.773,0.97594,47.067,-2.9265,99.811,0.2394
457,82.11,2.7299,45.854,-0.80576,35.136,0.37423,38.112,1.1459,46.57,-2.8794,98.935,-0.13586
458,82.409,2.6902,43.946,-0.82463,34.682,0.077279,38.064,1.1601,47.593,-2.8699,98.731,0.27666
459,83.045,2.9557,44.855,-0.806,34.977,-0.074962,37.037,1.1994,47.341,-2.8753,97.023,-0.024318
460,83.841,2.4814,44.739,-0.934,33.678,-0.038051,37.713,1.2214,48.053,-2.9796,97.275,0.33052
461,84.014,2.7756,44.05,-0.73934,33.296,0.36742,37.355,1.2536,48.388,-2.7215,97.252,0.32644
462,84.448,2.5637,43.431,-0.66424,32.217,-0.098523,37.56,1.3374,49.879,-2.4458,96.587,0.2069
463,84.589,2.7285,43.243,-0.94082,32.731,0.0014036,37.616,0.90646,48.96,-2.9727,96.164,0.07078
464,85.378,2.406,43.47,-0.6654,31.815,0.30638,37.836,1.1283,50.21,-3.0188,95.364,0.16498
465,86.964,2.7654,42.146,-0.7703,31.667,-0.053168,36.486,1.4052,50.175,-2.6663,95.852,0.11588
466,85.978,2.8904,42.558,-0.71634,30.941,0.077214,36.523,1.222,50.609,3.0929,94.232,0.14643
467,87.11,2.3876,41.955,-0.56795,30.132,0.022344,36.657,1.0872,51.206,-2.8376,93.722,0.22386
468,86.187,2.8268,40.925,-0.85176,29.639,0.062823,37.083,1.3944,52.034,3.1239,92.765,0.012838
469,87.416,2.9555,41.906,-0.88952,29.648,-0.097844,36.809,1.2726,52.368,-3.0123,92.546,0.32187
470,87.714,2.6688,40.81,-0.88488,28.423,0.13569,35.968,1.1596,52.027,-2.4827,92.232,0.17256
471,88.998,2.6832,41.302,-0.84223,28.563,0.10476,35.855,1.7997,53.884,-2.9162,91.642,0.23583
472,87.975,2.4563,40.489,-0.68066,27.962,0.15526,35.706,1.4914,54.826,-2.6148,91.712,0.22537
473,89.146,2.3414,40.176,-0.77678,27.927,0.0016537,36.205,1.5638,54.679,-3.0191,90.589,0.16503
474,90.927,2.6364,39.809,-1.1395,27.146,0.10103,35.451,1.1553,54.805,3.0738,90.784,0.27129
475,90.587,2.3216,39.576,-1.2413,27.212,0.0612,35.402,1.5112,55.74,-2.7088,90.394,0.29214
476,90.03,2.6755,39.398,-0.78861,25.842,-0.057517,35.184,1.5919,56.01,-2.6611,89.608,0.28291
477,91.269,2.7375,39.399,-1.0109,25.481,-0.14433,35.593,1.4186,57.075,-2.9566,88.69,0.061326
478,92.625,2.5898,39.269,-0.69382,24.891,0.26202,35.95,1.5311,56.812,-2.728,88.829,-0.20119
479,92.324,2.5401,38.394,-0.88299,24.393,0.20339,35.827,1.4975,56.991,-2.8886,88.63,0.29977
480,93.49,3.0372,37.553,-0.79827,24.457,-0.018409,34.973,1.3544,57.86,-2.8037,87.97,0.49286
481,93.737,2.7513,37.877,-0.95807,23.848,0.037204,35.397,1.763,58.108,-2.9634,86.641,0.037117
482,93.52,2.9206,38.921,-0.85751,23.364,0.43185,35.838,1.9022,58.831,-2.7852,86.998,0.15918
483,94.097,2.65,37.328,-1.0128,21.727,0.13051,34.711,1.1739,59.874,-2.8218,85.489,0.28971
484,94.717,2.5568,37.527,-1.0232,21.63,0.074998,35.976,1.5266,59.725,-2.6949,85.693,0.047489
485,94.637,2.6413,37.012,-0.94124,20.686,0.3535,35.957,1.5861,60.205,-2.881,84.688,0.56281
486,95.204,2.5569,37.022,-1.2376,21.272,0.48567,35.027,1.259,60.277,-3.081,84.388,0.21451
487,96.109,2.4773,36.961,-1.4765,20.351,0.14759,34.899,1.4143,60.302,-2.9801,83.33,0.0896
488,97.212,2.6536,36.798,-1.3241,19.251,0.22785,34.135,1.6944,61.859,-2.7913,83.721,-0.074688
489,95.758,2.75,36.055,-1.2474,18.999,0.13856,34.582,1.4888,61.811,-2.9229,83.366,0.31736
490,97.472,2.8573,35.868,-1.355,18.515,0.24783,35.506,1.7751,63.056,-2.932,83.139,0.13937
491,97.295,2.6815,36.297,-1.0943,18.341,0.42904,35.754,1.575,62.998,-2.5434,82.447,0.079991
492,97.902,2.7257,36.07,-0.98719,18.274,0.39138,35.735,1.5974,63.156,-2.9615,81.518,0.26919
493,98.342,2.7861,35.599,-1.1375,17.982,0.26059,36.558,1.6192,64.172,3.0027,80.872,0.56261
494,98.544,2.5891,35.149,-0.73858,18.047,0.087122,35.312,1.8422,64.506,-3,80.621,0.22253
495,98.718,2.5754,34.744,-1.1721,16.09,0.15255,35.797,1.6053,65.087,-3.0408,79.801,0.32429
496,99.77,2.6051,34.547,-1.0357,16.773,0.17651,35.224,1.9058,66.065,2.9133,80.306,0.095655
497,100.1,2.7174,34.265,-1.4306,15.598,0.11199,35.922,1.5582,65.523,-3.1129,79.654,0.2606
498,101.11,2.7665,34.801,-1.0771,15.473,0.23544,35.834,1.6679,65.65,-2.9768,79.085,0.15683
499,100.79,2.7675,33.823,-1.2044,14.574,0.14056,36.185,1.8447,66.801,-2.9289,78.421,0.44037
500,101.68,3.0128,34.637,-1.4428,13.853,0.31765,36.719,1.8073,67.813,-3.02,77.66,0.23008
501,100.9,2.9531,35.021,-1.4067,14.197,0.35258,35.489,1.5511,68.521,-2.7146,78.081,-0.0022573
502,102.44,2.7517,33.658,-1.5151,13.491,0.36389,36.605,1.8414,68.378,-3.1164,76.799,0.2738
503,102.37,2.534,34.362,-1.4925,13.353,0.27675,37.249,1.4308,68.992,-3.0903,76.743,0.51301
504,103.07,2.3851,34.762,-1.1171,12.098,0.28099,36.188,1.6954,69.686,-2.6993,75.966,0.51826
505,103.46,2.8414,32.979,-1.3021,11.343,0.58382,36.844,1.8954,69.066,-3.062,74.901,0.35318
506,104.56,2.7265,33.558,-1.4625,10.759,0.32523,37.22,1.9833,70.686,-2.7581,74.601,0.15755
507,104.9,2.5132,33.138,-1.3841,10.24,0.027413,37.056,1.9386,71.331,3.0997,74.225,0.19291
508,106.16,2.7682,33.86,-1.1369,10.056,0.64079,36.794,1.8868,70.883,-3.0527,73.846,0.31661
509,106.54,2.6494,32.983,-1.2881,10.602,0.35453,36.75,1.9229,72.749,-2.8733,74,0.24471
510,106.22,2.4739,33.928,-1.3504,9.4663,0.42124,38.38,2.1332,72.453,-3.0295,72.312,0.35429
511,106.49,2.6202,33.157,-1.3483,9.2906,0.67335,38.292,1.7253,72.401,-2.8647,72.898,0.005987
512,106.35,2.7431,33.141,-1.5596,7.6645,0.43577,37.963,1.7116,72.784,3.0321,72.47,0.43234
513,107.65,2.7688,33.029,-1.2854,7.7614,0.29462,38.276,1.8655,73.979,-2.7816,71.469,0.29393
514,107,2.7527,33.014,-1.6186,7.2073,0.19181,37.503,1.9005,73.722,-2.6703,70.623,0.0034726
515,108.21,2.728,33.573,-1.388,7.152,0.5166,38.855,2.0775,75.369,-2.8534,70.158,-0.015404
516,109.53,2.6247,32.732,-1.3369,6.5816,0.05787,37.938,2.0122,74.606,-2.8571,69.68,0.37774
517,109.36,2.7515,32.89,-1.473,5.597,0.33314,38.411,1.9023,76.628,-2.774,69.863,0.23738
518,110.37,3.072,33.082,-1.4487,5.0904,0.69068,38.643,2.0266,76.462,-2.8565,69.288,0.2548
519,109.78,2.8078,32.72,-1.7638,4.8534,1.0876,38.605,2.1234,76.826,-2.7349,69.528,0.33574
520,111.97,2.7778,32.884,-1.7549,5.0678,0.45397,40.182,2.0323,77.141,-2.8037,66.848,0.069512
521,112.12,2.7195,33.002,-1.5318,4.4889,1.0325,39.567,1.797,77.366,-2.9963,67.86,0.099982
522,111.38,3.0235,33.005,-1.7963,4.1269,0.93367,39.423,2.2891,78.366,-3.0529,66.228,0.24847
523,111.77,2.9983,33.707,-1.9133,3.5597,0.63075,40.33,1.9228,78.086,-2.7185,66.171,0.1169
524,112.96,2.6972,33.014,-1.8318,3.9424,0.75804,40.581,1.8933,79.937,-2.7315,65.865,0.27433
525,113.08,2.4514,32.891,-1.6438,2.7556,0.89481,41.063,2.2968,79.683,-2.834,66.323,0.35633
526,113.61,2.9138,32.974,-1.5797,3.0895,1.3646,41.139,2.0141,80.343,-2.995,65.292,0.63747
527,113.99,2.8622,33.426,-1.6997,3.7083,1.4361,41.057,2.1848,80.932,-2.4479,65.247,0.49672
528,114.03,-2.9894,32.002,-1.7691,3.687,1.3279,41.075,2.2617,81.441,-2.7549,64.694,0.41051
529,114.7,2.6012,32.369,-1.6373,3.0627,1.8325,42.68,2.4021,82.048,-3.0141,62.959,0.42756
530,115.7,2.9619,33.338,-1.6075,2.637,2.2167,41.508,1.8406,81.368,-2.6442,62.352,0.45893
531,115.54,3.1181,33.826,-1.7809,3.6309,1.9212,42.164,2.136,82.506,-3.0079,62.872,0.28725
532,116.45,2.8016,33.499,-1.6412,4.1507,2.1873,42.264,2.1231,82.866,-2.9438,61.899,0.17525
533,117.06,2.7217,34.361,-1.5942,3.334,2.07,43,2.1551,84.648,2.9965,62.191,0.19979
534,116.81,2.5694,32.905,-1.7306,3.8604,2.1806,42.951,1.7893,83.614,-3.0803,60.518,0.51868
535,118.75,2.8196,33.472,-1.797,4.3081,2.5567,43.411,2.2992,85.201,-3.1253,61.115,-0.11976
536,117.68,2.6983,33.504,-1.9682,5.744,2.5531,43.641,2.3748,85.617,3.1374,59.746,0.0014073
537,117.72,2.958,35.099,-1.7319,5.9341,2.5646,44.134,2.346,85.687,-3.1198,58.694,0.42724
538,119.12,3.0299,33.51,-1.8936,5.3138,2.5924,44.416,2.2238,86.808,-3.0349,59.5,0.36582
539,120.08,2.8499,34.171,-1.8413,6.3674,2.987,44.414,2.3118,87.348,-3.0794,58.164,0.32595
540,119.92,2.695,34.643,-1.7171,7.0175,2.602,45.238,2.193,87.302,-2.9188,58.541,0.053582
541,120.71,2.7944,34.267,-1.8998,7.8736,2.5565,45.234,1.8845,88.533,-3.1364,57.743,0.50024
542,121.21,2.7744,35.263,-1.8412,7.1769,2.7788,45.517,2.246,88.068,-2.9593,57.418,0.35957
543,121.61,2.6764,34.959,-1.9877,7.4768,2.6104,46.092,2.2651,90.158,-3.0029,56.597,0.36909
544,122.84,2.9453,34.665,-2.0933,8.4619,2.5678,46.44,2.4277,88.827,-2.8752,56.311,0.4282
545,122.65,2.9307,35.524,-2.0265,9.813,2.8569,46.218,2.4289,89.395,2.994,55.354,0.31773
546,122.93,2.7046,34.909,-2.1009,9.3343,2.9305,46.592,2.0797,90.608,-2.5734,55.739,0.34056
547,123.45,2.6281,35.364,-1.88,9.4868,2.802,46.973,2.1158,90.049,-2.9694,54.868,0.29202
548,124.17,3.0534,35.296,-2.3358,9.6867,2.9661,47.435,2.3178,91.281,-2.9181,54.993,0.20044
549,124.92,2.9189,36.806,-2.1372,11.232,2.9624,47.845,2.0637,91.61,-2.7344,53.791,0.36119
550,124.54,2.7019,34.889,-1.9717,12.326,3.047,48.019,2.2871,91.786,-2.8932,54.311,0.32279
551,125.17,2.6593,37.113,-1.796,12.926,2.9802,48.777,2.5264,93.299,-2.9898,53.995,0.55126
552,125.83,2.9506,35.492,-1.8112,12.186,2.8512,47.767,2.6172,92.335,-2.8225,52.007,0.25626
553,125.99,2.8085,36.411,-2.1299,12.498,2.9032,49.059,2.2453,94.497,-2.773,51.806,0.24229
554,126,2.6532,37.433,-1.9815,13.173,2.9494,50.335,2.4331,94.37,-2.9902,52.251,0.072765
555,128.26,2.661,37.853,-2.1537,13.773,2.8883,50.153,2.4369,94.943,-3.118,51.643,0.10188
556,127.79,2.8504,38.305,-1.846,15.255,2.8211,49.689,2.3604,95.072,-2.9236,50.407,0.17442
557,128.55,2.9288,36.766,-2.1379,15.113,2.9767,50.846,2.5063,95.422,-2.8478,49.911,0.61639
558,127.96,2.8831,37.982,-1.9267,15.045,2.97,52.007,2.3151,95.77,3.1279,49.989,0.35101
559,129.49,2.993,37.992,-2.0869,16.837,2.7547,50.29,2.4948,95.814,-2.874,49.015,0.33684
560,129.79,3.0479,37.809,-2.1023,16.464,2.9836,50.959,2.5145,96.562,-3.0993,48.825,0.3465
561,130.93,2.8527,38.849,-2.1346,16.684,2.7689,52.102,2.4302,96.804,-2.8868,48.092,0.27531
562,130.67,2.6689,38.441,-2.1098,16.921,2.823,51.957,2.2263,98.035,-2.7949,47.43,0.38957
563,132.54,2.7962,40.997,-1.9957,17.844,-3.0836,52.046,2.5192,98.263,-2.7813,47.31,0.47633
564,130.98,-2.7703,39.684,-1.9815,18.1,2.8191,52.648,2.4272,100.42,-3.0423,46.179,0.25195
565,132.39,-2.912,39.495,-2.0824,18.125,2.8015,53.614,2.3039,99.688,-3.0247,46.768,0.3346
566,132.48,3.0142,39.331,-2.0028,19.24,-3.0357,53.922,2.3245,99.71,-3.1115,46.385,0.21333
567,132.66,2.792,39.907,-2.32,19.57,2.9038,53.721,2.6268,100.09,3.1222,45.124,0.067315
568,133.8,2.6828,41.606,-2.3097,19.886,3.0372,53.988,2.478,100.54,-3.0122,45.25,0.27751
569,133.99,2.8151,40.576,-2.1615,21.078,2.9722,55.537,2.5945,101.27,-2.8698,44.224,0.55593
570,134.54,2.8346,41.22,-2.5147,20.928,2.8551,55.293,2.5572,101.89,-2.8402,43.721,0.25936
571,134.22,2.9972,40.627,-2.0216,21.839,2.9836,55.536,2.3801,102.14,-2.6643,44.664,-0.10837
572,135.34,2.6351,41.576,-2.1357,22.045,2.8525,55.768,2.6493,102.55,-3.0795,43.416,0.57583
573,136.49,3.032,42.382,-2.266,23.001,-2.9877,56.372,2.443,102.7,-2.8257,42.845,0.55408
574,136.45,2.9389,42.83,-2.1881,23.204,2.7385,56.749,2.3475,103.83,-2.8511,42.128,0.39832
575,137.29,2.9884,42.01,-1.9888,24.075,3.1354,57.264,2.603,103.6,-2.778,41.647,0.3881
576,137.65,2.8667,43.456,-2.417,23.859,2.8952,57.695,2.1631,105.63,3.0674,41.461,0.60045
577,137.34,2.8016,44.138,-2.1212,25.319,2.6516,57.923,2.4274,105.64,-2.6433,41.198,0.44864
578,138.41,2.6912,43.972,-2.2804,24.767,2.8166,57.654,2.24,105.82,-2.9921,39.82,0.53549
579,139.14,2.8048,43.707,-2.3107,26.706,2.8658,58.378,2.266,105.62,3.1316,40.898,0.3716
580,138.36,2.7986,45.455,-2.2614,26.616,3.006,58.975,2.5707,106.38,3.1014,38.782,0.64329
581,140.05,2.9152,44.663,-2.3036,26.564,2.7643,60.066,2.6582,107.14,-3.0142,39.247,0.34968
582,140.53,3.0942,44.91,-2.5093,26.995,2.9357,60.392,2.4066,108.5,3.1293,38.877,0.17783
583,140.23,2.9422,45.632,-2.3474,27.797,-3.0705,60.041,2.5836,107.67,-3.133,37.955,0.37272
584,141.21,2.779,45.678,-2.3402,27.525,3.0707,60.917,2.5284,108.71,-3.0206,37.032,0.44473
585,141.53,2.8083,46.333,-2.5381,28.97,-3.1161,61.109,2.2254,109.42,-3.1335,37.645,0.39527
586,141.82,2.7125,46.692,-2.3976,30.089,-2.9385,61.574,2.5893,110.03,-3.1276,36.944,0.54972
587,143.27,2.6816,46.672,-2.1938,30.103,2.5642,62.642,2.6028,110.33,3.0253,37.16,0.88839
588,142.61,2.6922,47.05,-2.5892,30.531,3.0692,62.78,2.3903,111.41,-3.05,35.44,0.24801
589,143.93,2.8068,47.599,-2.2162,31.124,3.1359,63.75,2.3815,111.27,3.0824,35.576,0.43999
590,143.57,2.964,46.959,-2.0864,31.397,2.9373,63.657,2.7591,110.29,-2.9873,34.884,0.41668
591,145.41,2.8904,47.917,-2.2942,31.47,2.804,63.384,2.4908,112.59,2.9366,35.286,0.91777
592,145.65,3.1309,47.615,-2.2429,31.761,2.7896,64.342,2.4149,112.88,-3.0949,34.304,0.50351
593,145.95,2.8996,48.333,-2.2411,33.066,-2.9659,65.056,2.5172,112.32,-2.9047,33.308,0.54022
594,145.91,2.7252,49.806,-2.7077,32.681,-2.9169,65.179,2.3445,114,-2.893,33.401,0.9584
595,146.78,-2.9306,50.689,-2.318,33.218,3.0251,65.454,2.5181,114.15,-2.9036,33.712,0.7987
596,146.47,2.6142,49.859,-2.4974,33.819,2.867,65.764,2.8936,115.54,-3.0454,31.764,0.61829
597,147.61,2.6973,50.191,-2.2354,34.793,3.138,66.427,2.5241,114.99,3.0729,32.472,0.64204
598,148.4,3.0653,50.517,-2.1832,35.678,-2.9696,67.271,2.586,116.1,-2.8789,31.786,0.38841
599,148.75,2.9088,49.982,-2.5981,35.116,-3.0944,66.512,2.8132,116.47,-2.8764,30.254,0.52249
600,149.31,2.5094,51.49,-2.118,36.431,2.6047,66.198,2.3735,116.45,3.0727,31.639,0.68847
601,149.77,2.4164,51.738,-2.3576,36.42,2.9339,67.399,2.6373,117.48,-2.9117,30.236,0.60027
602,148.5,2.7815,53.019,-2.6221,37.845,-3.0224,68.741,2.6719,118.14,-2.8658,30.196,0.5456
603,150.31,2.7514,52.556,-2.6152,38.521,-2.8892,68.424,2.4286,118.24,-2.6353,29.609,0.42876
604,150.93,-3.0743,52.854,-2.6913,38.386,3.0088,68.923,2.5236,119.08,3.1242,29.215,0.47562
605,151.64,2.8583,54.002,-2.2014,39.244,3.1414,70.768,2.6021,119.39,-3.0837,29.542,0.61954
606,151.21,2.8752,54.549,-2.4472,39.846,3.126,69.593,2.6862,120.39,3.141,28.682,0.90354
607,152.24,3.021,55.156,-2.6831,39.168,2.914,70.167,2.5663,119.57,3.0801,28.776,0.50584
608,153.53,-3.1227,54.29,-2.3677,40.674,2.996,70.771,2.8699,120.72,2.9851,27.077,0.62207
609,153.44,2.5921,54.937,-2.3966,40.724,3.0772,72.114,2.6246,122.39,-2.8427,27.494,0.49734
610,153.74,2.641,55.388,-2.2428,41.131,-3.0125,71.426,2.7257,121.72,3.0892,27.118,0.71458
611,154.51,3.0256,55.685,-2.6786,41.63,3.088,72.665,2.5362,122.31,3.1166,26.719,0.93951
612,154.44,-3.1132,55.605,-2.6271,41.846,2.8832,72.094,2.2144,123.09,-2.8487,26.72,0.73725
613,155.44,2.5962,57.398,-2.3699,42.349,-3.0767,73.759,2.3985,123.03,-3.1367,25.802,0.77014
614,155.2,2.929,56.621,-2.3907,42.869,3.1087,73.836,2.8236,124.65,-2.9757,25.115,0.53488
615,155.72,3.0769,56.749,-3.032,44.299,2.9649,74.226,2.3954,124.63,-2.6297,24.349,0.71714
616,157.21,2.8226,58.245,-2.7224,44.681,3.0331,74.443,2.5087,124.95,-2.9255,24.872,0.84496
617,157.68,2.9311,58.289,-2.7422,45.046,3.1141,74.391,2.7187,124.86,2.9787,23.839,0.89841
618,156.8,3.0424,58.755,-2.4422,44.936,3.0085,75.625,3.0988,126.26,-2.9508,23.897,0.79425
619,157.12,-3.102,59.851,-2.718,45.405,-3.0987,75.624,2.6957,126,-2.7853,24.66,1.2259
620,158.45,2.94,60.208,-2.5488,45.826,-3.0918,76.426,2.6624,126.51,-2.8827,23.648,0.99474
621,160.76,2.9673,60.385,-2.5577,46.762,-3.0314,75.918,2.2736,127.49,-3.0813,22.911,0.73607
622,159.63,2.8393,60.404,-2.471,47.014,2.7507,76.647,2.8377,127.17,-3.09,22.894,0.68561
623,160.22,2.7403,60.115,-2.6872,48.428,-3.0841,77.507,2.4825,127.52,-3.0444,22.144,0.60073
624,161.45,2.9482,61.273,-2.7565,48.215,-2.8921,78.223,2.9168,129.06,-2.8794,21.613,0.79309
625,161.03,2.7197,61.742,-2.6452,48.627,3.1171,78.337,2.7313,128.48,3.0022,21.537,0.75999
626,161.51,2.7566,62.938,-2.7284,49.215,2.7948,78.649,2.5702,129.68,-3.0255,21.058,1.0966
627,162.05,3.0183,61.817,-2.7897,49.766,-3.026,79.057,2.5255,130.48,-3.0119,20.271,1.0911
628,163.19,3.0614,62.932,-2.6186,49.56,-3.0013,80.42,2.9696,131.1,-2.9162,20.315,0.63497
629,162.97,2.9539,63.472,-2.571,50.883,-2.8558,79.709,2.2518,130.63,-2.8534,20.926,0.85123
630,163.79,2.7305,64.146,-2.5595,51.461,-2.9135,80.826,2.7128,132.17,-3.0402,18.784,0.95086
631,164.11,2.7841,64.043,-2.4888,51.068,2.8435,81.269,2.7239,131.94,-3.0757,19.604,1.1029
632,163.53,2.9612,64.697,-2.637,52.217,-3.0422,80.321,2.6693,133.3,-2.9277,20.388,1.28
633,164.84,2.8698,64.963,-2.9729,52.205,-3.019,82.26,2.5392,132.92,-2.8382,19.738,1.3198
634,166.04,2.8318,65.305,-2.6671,52.999,2.988,83.424,2.4655,133.13,-3.0826,17.74,1.0059
635,166.29,2.9648,66.52,-2.4948,52.945,-3.0609,82.275,2.7691,135.84,-2.8169,18.515,1.0002
636,166.3,-2.9511,65.474,-2.693,53.603,2.7714,82.748,2.5947,134.62,-2.8436,18.93,1.0617
637,166.91,3.0126,66.879,-2.5696,54.622,-3.0757,83.23,2.8565,134.98,-2.8397,18.532,1.3421
638,166.52,2.7554,67.683,-2.7299,54.983,3.0403,83.814,2.4894,135.41,-2.993,18.091,1.3102
639,166.98,3.1184,67.234,-2.7339,55.858,3.036,85.525,2.5683,136.35,-3.113,18.619,1.0247
640,168.92,2.8917,67.752,-2.7608,56.105,-3.1186,85.269,2.7128,136.37,-3.0087,18.014,1.2619
641,169.45,2.7984,69.427,-2.4219,57.115,-3.1081,84.826,2.7684,137.07,-2.8869,17.251,1.4619
642,169.32,2.9292,69.308,-2.4454,57.375,-3.0973,85.08,2.7146,138.43,3.105,17.944,1.2537
643,169.83,2.8992,70.229,-2.8005,57.913,3.1355,86.662,3.0516,138.05,-3.1198,17.452,1.2039
644,169.37,3.0605,70.86,-2.6731,59.056,2.937,85.898,2.7796,138.81,2.9462,18.218,1.3985
645,170.51,2.9848,70.836,-2.2322,58.677,3.1125,86.847,3.1003,138.46,-3.079,16.856,1.2031
646,171.99,2.7548,70.476,-2.3389,59.56,-3.1307,87.23,2.6724,139.52,-2.9919,17.028,1.3067
647,171.11,2.8067,71.925,-2.6914,59.542,2.6701,87.706,2.552,139.68,-2.9364,16.912,1.2632
648,171.22,2.4491,71.315,-2.7536,60.46,-2.8568,88.605,2.6964,140.89,-2.8194,17.028,1.2414
649,173.05,2.8098,72.683,-2.8611,60.399,2.9649,88.55,2.604,140.49,3.1326,17.652,1.4205
650,173,2.6845,72.584,-2.5777,60.971,-3.0248,90.381,2.5215,141.12,2.9774,16.441,1.3802
651,174.38,3.115,73.984,-2.7833,61.649,3.0348,90.571,2.708,141.93,-3.0477,16.208,1.6513
652,174.01,2.7629,74.867,-2.4578,62.407,-2.9143,91.429,2.8558,142.72,-2.997,16.882,1.6047
653,175.41,3.0675,73.791,-2.6418,62.511,3.1185,90.656,2.9241,143.37,-2.9935,15.892,1.3698
654,175.91,2.9698,75.636,-2.593,62.898,-2.9758,91.618,2.7672,144.16,-3.0923,17.129,1.5159
655,174.96,3.0855,75.032,-2.8259,63.653,-3.0992,93.179,2.5616,144.6,-3.1057,15.89,1.6504
656,176.3,2.8503,76.166,-2.8933,64.312,-3.118,93.386,2.6492,144.51,-3.0488,16.215,1.6218
657,176.44,2.9375,76.522,-2.6886,64.23,3.035,92.905,2.6599,145.05,3.0809,17.733,1.5506
658,177.12,2.8506,76.348,-2.6764,63.795,2.9253,92.825,2.8951,146.26,-2.8819,16.622,1.5792
659,177.79,2.8062,76.489,-2.9907,65.663,3.0344,93.555,2.8552,145.44,-3.0335,17.276,1.7257
660,177.71,2.7704,76.962,-2.4506,66.221,2.9772,94.538,2.9839,146.55,-2.8888,17.28,1.5297
661,178.18,3.0232,77.438,-2.5059,67.536,3.1188,95.162,2.9079,146.94,-2.9236,17.321,1.6911
662,179.04,2.8342,78.671,-2.9413,67.43,3.06,95.219,2.8844,148.05,3.0954,17.482,2.0944
663,179.88,2.7462,78.337,-2.5086,68.047,2.9742,96.097,2.8443,147.1,-2.9572,16.879,1.9907
664,180.33,2.994,78.924,-2.3482,68.651,2.9125,95.665,2.7682,149.02,-2.8428,18.017,2.0433
665,180.16,2.9072,79.112,-2.8483,69.015,2.8871,96.745,3.0602,149.25,-3.0785,17.378,1.8957
666,180.85,2.9912,80.99,-2.5652,68.494,2.9137,96.722,2.7784,149.28,-2.9989,18.604,1.7825
667,180.9,3.0251,80.467,-2.3969,68.919,-3.0806,97.919,2.8762,149.69,-2.8584,17.895,1.8561
668,181.75,-3.0819,81.891,-2.8081,69.727,-3.0471,97.959,2.4743,151.45,-3.1096,18.393,1.8733
669,182.52,2.7429,81.639,-3.0882,70.144,3.0366,98.688,2.9012,150.93,-3.0583,18.597,1.9247
670,183.2,2.7937,81.665,-2.6683,71.635,3.0919,98.324,2.8658,151.62,-3.0778,18.039,2.1094
671,183.58,2.9226,81.906,-2.4923,71.248,2.9616,100.05,2.7874,151.93,-3.0987,18.975,2.0028
672,184.24,2.7443,82.956,-2.5641,72.149,-3.099,99.345,2.6522,152.69,-3.0255,19.62,2.0015
673,183.66,2.9542,82.668,-2.6087,72.616,2.922,99.995,-3.1061,153.33,-3.0302,19.249,2.4067
674,184.35,2.7858,83.685,-2.4668,73.276,-3.0656,100.17,2.7192,154.46,-2.9277,20.137,2.1816
675,185.18,2.6842,84.076,-2.6358,73.173,-2.9279,100.9,2.7574,153.41,-2.8637,20.333,2.1514
676,185.78,3.0153,84.272,-2.5177,74.259,3.0969,102.53,2.6558,155.04,-2.9894,20.092,2.2674
677,186.37,2.6748,85.903,-2.6878,74.365,2.8727,102.34,2.9863,154.79,3.0155,20.49,2.4993
678,186.54,2.8659,85.914,-2.7992,74.971,3.1276,103.26,2.64,155.25,-3.0161,19.993,2.4247
679,187.39,2.9277,86.151,-2.8861,74.83,3.02,103.33,2.7909,155.82,3.0939,20.569,2.1461
680,188.34,2.8717,85.932,-2.6728,76.552,3.0933,103.1,2.9771,156.44,-3.1323,21.218,2.0059
681,188.03,-2.7846,87.832,-2.4954,76.688,3.0306,103.35,3.0531,156.81,-2.6561,21.974,2.162
682,189.2,2.9722,87.297,-3.024,77.344,2.9127,105.15,2.8297,157.92,-2.969,22.516,2.3299
683,188.27,3.0695,88.154,-2.7672,77.859,3.1255,105.33,-3.0597,158.22,-2.9831,22.784,2.6899
684,188.99,2.88,89.376,-2.8533,77.854,-3.0792,106.04,2.8467,158.47,3.1214,23.891,1.9472
685,190.69,2.8493,89.174,-2.4828,78.18,2.9176,106.09,2.9517,159,-3.0421,23.758,2.1797
686,189.9,2.926,88.804,-2.92,78.134,2.9112,105.85,2.8013,159.93,-3.1123,24.307,2.4701
687,191.98,-3.1137,89.916,-3.0705,79.207,3.0842,106.14,2.8011,159.55,-2.9671,24.341,2.3346
688,191.31,3.0206,89.685,-2.8611,80.069,3.0761,106.73,2.4491,160.31,-2.7391,24.954,2.3813
689,191.7,2.855,90.939,-2.7441,82.064,-2.9697,108.02,2.8133,160.37,2.8034,23.752,2.5886
690,192.12,2.8771,91.482,-2.5236,81.522,-3.0509,108.16,2.8355,162.02,-2.8968,25.324,2.3761
691,192.86,2.8027,91.792,-2.9415,81.472,2.9919,108.62,2.8006,162.53,-2.8965,25.669,2.694
692,193.59,2.9879,92.167,-2.5818,82.784,3.0016,109.51,2.818,163.07,-3.0983,27,2.4986
693,193.84,2.6551,92.639,-2.6422,83.003,3.0446,109.78,2.6462,163.36,-2.7419,26.393,2.3398
694,194.43,2.9622,92.391,-2.5712,83.373,2.8882,110.05,2.6962,163.49,3.1294,26.375,2.2247
695,194.48,2.9023,93.157,-2.4905,83.837,-2.8522,110.53,3.0476,164.49,-2.9914,26.38,2.2829
696,196.02,3.0465,94.186,-2.7863,83.596,-3.0835,110.61,2.678,164.43,2.9107,27.263,2.4795
697,196.31,-3.1361,94.552,-2.7187,84.124,2.9926,111.73,2.6595,165.4,3.06,27.89,2.6207
698,196.41,2.8768,95.312,-2.7667,84.737,2.9683,112,2.7028,165.49,-3.0289,29.296,2.4156
699,196.02,2.7082,96.324,-2.6642,86.13,3.1271,111.64,2.8639,165.8,-3.0248,29.271,2.7222
700,197.38,3.0293,95.56,-3.0945,86.084,2.8995,113.54,2.7207,166.77,3.1048,29.511,2.5026
701,198.18,2.9198,96.14,-2.7692,86.488,2.9745,113.73,2.9497,166.46,-3.127,30.308,2.5721
702,197.75,2.9729,96.91,-2.7466,86.841,2.9507,114,2.7793,168.42,2.864,30.199,2.6407
703,198.26,-3.1274,96.793,-2.7047,87.503,3.0565,114.06,2.828,167.45,-3.1129,29.589,2.4455
704,199.46,3.0268,98.01,-2.4826,88.348,2.8493,115.27,2.6911,168.39,-2.8736,31.434,2.576
705,199.71,2.5949,98.456,-2.822,89.36,3.1382,115.05,2.4679,168.49,-2.8412,31.553,2.3845
706,200.95,3.0119,98.341,-2.8514,88.169,3.0862,115.29,2.7152,169.32,-2.908,31.28,2.5991
707,201.29,2.7816,98.49,-2.9996,89.478,-2.918,116.08,2.7639,169.82,-3.0719,31.848,2.4719
708,201.28,-3.0905,99.673,-2.6953,89.589,3.0278,116.61,3.0573,170.44,3.0793,32.668,2.7686
709,202.19,2.91,99.669,-2.4397,90.81,-3.0423,117.36,2.8481,170.74,-2.9738,32.96,2.6598
710,202.49,2.7167,100.71,-2.6006,91.379,-2.9835,118.28,2.9566,171.69,-3.0427,33.372,2.7426
711,202.96,2.7044,101.84,-2.8189,91.78,2.8739,117.9,2.8115,171.5,-3.1112,33.238,2.5187
712,203.82,2.576,101.54,-2.7957,92.669,-3.0968,119.39,2.6198,173.09,2.8848,34.071,2.3557
713,203.78,2.9645,101.49,-3.1407,92.272,-3.0547,119.66,2.8229,173.49,3.0919,35.325,2.455
714,204.84,3.0572,102.77,-2.8035,92.597,-2.9396,120.16,2.9666,173.88,-2.883,34.218,2.7366
715,204.66,3.1379,101.96,-3.0475,93.423,3.1002,119.45,2.7213,174.21,3.1372,35.465,2.4718
716,206.29,3.0153,104.11,-2.541,93.969,-2.9441,120.42,2.6764,174.12,-2.868,36.113,2.5813
717,206.22,2.9936,103.64,-2.9798,93.74,2.9153,121.52,2.7186,175.93,3.1205,36.317,2.2364
718,206.8,2.7436,103.37,-2.886,95.471,2.8581,120.87,2.555,175.59,-2.9172,36.699,2.7276
719,205.7,3.0784,104.7,-2.6505,95.541,2.9918,121.69,3.1319,176.79,-3.0207,36.619,2.6849
720,208.26,2.8528,105.07,2.9522,96.965,-2.7636,123.33,2.887,177.03,-3.0315,37.437,2.586
721,207.32,2.8057,105.66,-2.714,95.981,-3.0527,122.48,3.0142,177.75,-2.482,37.953,2.9797
722,208.45,3.0483,106.24,-2.5129,96.279,2.6987,124.32,2.6359,177.98,-2.7413,38.473,2.6638
723,208.75,-2.9497,106.26,-2.7511,97.758,-3.1344,123.61,2.9565,178.96,-2.7529,38.943,2.6127
724,208.67,-3.0734,107.37,-2.6133,98.324,3.0921,123.93,2.695,178.28,3.0493,39.191,2.6735
725,209.37,3.0226,108.35,-2.4614,99.193,3.1304,123.96,2.6137,177.47,3.0086,39.406,2.7566
726,210.41,3.0857,108.67,-2.9761,99.172,3.0296,124.25,2.9994,180,3.0016,40.527,2.8929
727,210.04,3.0837,107.8,-2.4995,100.73,2.9056,126.98,2.9235,180.11,-2.9368,41.102,2.8562
728,210.93,2.8684,108.74,-2.7942,100.37,-3.0701,126.3,2.8104,181.06,3.0849,41.235,2.6474
729,212.44,2.7216,108.65,-2.6887,100.2,3.0939,126.79,2.8841,180.86,-3.002,41.529,2.8296
730,212.44,-3.0963,109.98,-2.8582,100.32,-3.1082,127.25,2.9069,180.61,-3.0333,41.729,2.7049
731,212.95,2.7257,110.45,-2.7346,101.07,2.9058,128.39,3.0006,181.64,-2.927,43.13,2.5565
732,213.27,-3.1372,110.59,-2.7479,102.65,2.8932,128.6,2.8628,183.14,-2.8774,42.809,2.6555
733,214.02,2.9247,111.5,-2.8731,102.56,-2.9245,129.09,3.0101,183.04,3.128,44.015,2.5316
734,215.06,2.9893,111.47,-2.8245,103.34,-3.0686,130.03,2.5012,182.71,2.816,43.445,2.72
735,215.62,2.9894,111.69,-2.771,103.76,-2.9365,129.89,3.0383,184.95,-2.8184,44.548,2.6874
736,215.68,-3.0056,112.68,-2.6375,103.46,-3.097,130.03,2.8358,184.91,-2.887,45.594,2.7838
737,215.44,2.5445,112.94,-2.6393,104.64,3.0961,130.38,2.8133,185.33,-2.8063,45.876,3.1081
738,216.75,3.028,114.37,-2.7596,105.28,-3.0443,131.37,2.7874,186.1,3.013,46.217,2.803
739,216.42,2.935,114.63,-2.8874,106.34,2.9702,131.19,2.44,186.27,-2.9791,46.971,2.7677
740,217.15,2.867,114.58,-2.8887,106.21,-3.0482,131.65,2.5913,186.45,-2.8701,46.85,2.9288
741,217.66,2.9987,115.64,-2.8734,107.02,2.9835,132.31,2.7452,186.9,-2.9226,47.009,2.6944
742,218.29,2.9093,115.44,-2.5715,106.75,-3.0002,132.2,2.7807,187.81,-2.8966,48.13,2.9397
743,218.54,2.6204,116.27,-2.9851,107.68,-2.8468,133.63,2.7603,186.65,-3.0712,47.706,2.969
744,219.63,2.8339,116.79,-2.9844,107.76,2.7936,133.95,3.0776,188.1,-3.0031,48.906,2.8195
745,219.14,2.8974,117.01,-2.6429,108.7,2.8471,134.59,2.7843,190.07,-2.8423,49.741,2.9674
746,220.14,3.0407,118.05,-2.8216,109.15,3.0118,135.65,2.6825,189.38,-3.0784,50.304,2.8404
747,220.32,2.9467,118.29,-2.8337,110.27,-3.0626,135.06,3.0266,190.13,-2.8162,49.918,2.7708
748,221.25,2.8431,118.71,-2.8132,110.57,-3.1098,136.11,2.3437,190.42,-3.0075,51.397,2.4877
749,222.07,2.8906,118.97,-2.6521,110.53,2.763,136.93,-3.0395,190.07,3.0073,50.535,2.7725
750,222.21,-3.053,119.42,-2.8645,111.38,-2.7793,136.75,3.0166,191.08,-3.0668,52.874,-3.0816
751,222.78,2.8282,120.61,-3.0721,110.75,3.0453,137.27,2.8085,191.45,2.8309,51.061,2.7725
752,223.89,3.071,121.31,-2.8016,112.69,-2.9326,138.42,2.8149,192.66,3.0959,53.106,2.6195
753,223.46,3.0237,121.54,-3.0674,113.18,3.1376,138.48,2.8716,192.29,-3.0017,53.247,-3.132
754,224.44,2.842,121.12,3.0704,112.86,-2.8946,139.39,2.6566,193.13,3.0504,54.483,2.7154
755,224.72,2.7356,122.15,-2.7175,113.85,2.8599,139.05,2.8365,194.1,2.9946,54.305,2.6763
756,225.59,-3.1317,122.66,-2.7486,114.34,-3.0313,139.95,2.8205,194.26,-2.9441,54.385,3.1077
757,224.53,2.8809,123.16,-3.0192,113.73,2.9209,140.31,3.0128,195.58,-2.9266,54.499,2.9763
758,225.56,3.048,123.77,-2.6267,115.43,3.0601,141.98,2.8346,196.12,-3.0333,55.237,2.9789
759,227.22,2.6183,123.78,-3.0865,115.64,2.8358,140.56,2.9112,195.75,3.0024,55.104,2.6934
760,226.54,2.9229,124.17,-2.6625,116.06,-3.0717,142.33,2.6685,196.28,-2.8975,56.467,2.859
761,227.29,2.8121,124.56,3.1094,116.03,2.9017,142.02,2.9765,197.29,3.0925,57.74,2.8456
762,227.5,2.9521,124.91,-2.832,117.86,-2.811,143.25,3.1282,197.21,-3.0627,58.025,2.954
763,228.21,2.7825,125.82,3.126,117.71,3.0168,143.54,2.8781,198.31,-3.0927,57.868,3.099
764,229.24,2.621,126.27,-3.1271,117.6,2.9777,144.9,2.7126,198.17,-3.0852,59.154,2.613
765,230.02,-2.9924,126.49,-2.8742,119.02,2.8712,143.8,-3.1266,199.03,-2.7671,58.604,2.8548
766,229.83,-3.0822,127.14,-2.8407,118.88,2.983,145.13,2.9047,199.58,-2.9933,60.11,2.8593
767,231.16,-2.9849,128,-2.6798,119.98,3.1331,146.06,3.0452,199.59,3.0051,59.939,2.7493
768,230.59,2.8353,128.45,-2.8294,119.8,3.0111,145.84,2.9552,199.46,3.0516,59.855,3.0059
769,231.33,3.0111,128.34,-2.8737,120.07,3.0407,145.97,2.798,200.63,-2.9065,60.937,-3.1243
770,232.43,2.9387,129.24,-2.9459,120.89,3.1043,146.77,2.7446,201.03,-2.9265,61.702,2.6722
771,233.23,-3.0179,129.1,-2.8598,122.78,2.7592,147.14,2.8229,202.17,2.9211,61.352,-2.9069
772,232.96,-2.9737,129.6,-2.9328,122.46,2.916,147.47,2.8695,202.21,-2.8605,61.544,-3.0281
773,233.26,2.7906,129.82,-2.8527,122.97,3.0906,149.28,2.7473,203.02,3.0894,62.14,2.6423
774,234.76,2.8766,131.53,-2.7616,122.86,-3.0395,148.55,2.993,203.81,-3.0744,63.381,2.7707
775,234.52,3.0633,131.73,-2.7549,123.84,2.847,149.22,2.785,203.86,3.0082,63.031,2.9906
776,234.43,2.8027,132.96,-2.7147,124.17,2.9827,150.16,2.6963,203.37,-3.0759,65.425,3.0165
777,235.7,2.7946,132.57,-3.0117,124.46,-2.8992,150.37,3.062,205.22,-3.0286,65.424,2.8278
778,236.34,2.7696,132.47,-3.075,125.24,-3.0212,150.06,-3.0792,205.49,3.0263,65.378,2.9637
779,236.24,2.7511,133.53,-2.8201,125.34,-3.1122,150.78,3.0323,205.92,3.0596,65.56,2.8083
780,235.88,3.0068,133.2,3.0035,126.33,3.1043,152.04,2.6214,206.63,-2.8541,66.367,2.9248
781,237.72,-3.1309,134.79,3.0923,126.47,-2.9995,151.84,2.7676,206.87,-3.0874,66.95,2.6534
782,237.06,2.7589,135.23,-2.6389,126.61,2.9787,152.72,-3.1282,207.46,3.0543,66.65,2.7738
783,238.5,2.7754,135.63,-2.7081,127.38,2.9111,153.47,2.943,207.44,-3.0848,67.853,2.6576
784,238.29,-2.9568,136.28,-2.7386,128.84,-3.0218,153.46,2.9023,207.64,2.9247,68.398,2.8902
785,239.59,2.7604,137.67,-3.0151,128.98,-3.0811,154.38,-3.0762,208.43,-2.8912,67.92,2.8957
786,239.41,3.0498,137.26,-2.8897,128.92,3.0191,154.57,2.6775,209.52,3.0803,68.369,2.811
787,240.39,3.1101,136.66,-2.6272,129.36,-3.0449,154.83,-3.1355,210.12,3.1332,70.048,2.7946
788,240.61,2.9925,137.9,-2.6068,130.21,2.9959,155.57,3.035,210.31,3.0666,70.005,2.9495
789,240.49,-3.1241,139.21,-3.0544,130.07,-3.0572,155.47,2.9467,210.07,3.0908,69.994,2.7798
790,242.11,-3.065,138.23,-2.6717,130.88,2.8266,156.35,2.8167,211.61,3.0351,71.109,2.7177
791,242.59,2.9045,139.17,-2.8691,131.54,-3.0502,156.96,-3.113,210.62,-2.9492,71.182,2.8966
792,243.07,2.6998,140.14,-2.882,131.66,2.9972,157.64,2.6216,212.15,-2.7833,71.582,-3.1087
793,243.02,2.748,140.57,-2.8704,132.6,3.0777,157.61,2.8525,212.45,-2.9704,72.987,2.8244
794,243.34,2.8398,140.54,-2.8077,132.61,3.0564,158.66,2.9243,213.24,3.0379,72.958,2.4929
795,244.25,3.0226,140.46,-3.0408,135.16,-3.0729,159.16,3.0025,213.59,-3.0184,73.656,3.0457
796,245.17,-2.992,142.32,-3.1046,135.12,-2.9462,159.12,3.0245,214.11,-2.9156,74.344,2.6217
797,244.73,3.1402,141.63,3.1033,135.18,3.0228,159.17,3.0325,214.44,-2.9912,74.3,2.8262
798,245.5,2.7311,143.12,-3.1081,135.55,3.0878,160.72,2.4888,214.86,-3.1039,75.144,-2.9946
799,245.69,-2.9524,142.54,-2.914,134.95,-3.0572,160.63,2.5803,216.17,3.0209,76.144,3.0738
800,246.34,3.0307,143.71,-3.0793,136.54,3.0145,161.92,2.7974,215.85,-2.863,74.833,2.6764
801,247.72,2.8999,144.93,-2.9078,136.9,2.9599,161.95,-3.019,217.08,3.1049,76.686,3.0162
802,247.16,2.9264,144.77,-2.9212,137.64,3.1318,162.64,2.8594,216.93,-3.0925,76.417,2.7804
803,248.31,3.1331,144.3,-2.7398,137.12,3.0007,163.26,3.092,218.11,-2.6643,77.358,2.5238
804,248.92,2.831,145.12,-2.8944,138.16,-3.0776,163.88,2.662,217.26,-2.7831,77.391,2.9365
805,248.97,3.0285,145.56,-2.8825,139.35,-3.0307,163.73,3.0848,217.95,3.0858,78.503,2.8262
806,249.88,2.9743,146.01,-2.9787,139.79,-3.039,163.14,2.7103,219.72,-3.0943,79.625,2.7831
807,250.34,2.8612,147.07,-3.0983,138.94,-3.1037,164.18,2.7399,218.68,-2.9765,79.54,3.063
808,250.86,2.9294,147.96,-2.782,140.22,2.9743,166.2,2.8951,221.03,-2.8744,80.54,2.967
809,251.9,2.8228,148.01,-3.0153,141.99,3.0456,166.52,3.0622,220.63,-2.8748,80.27,2.6057
810,251.36,3.035,148.75,-2.8642,141.05,3.0938,166.33,2.8965,221.32,-2.9525,79.923,-3.096
811,251.9,3.081,149.41,-3.1004,141.98,-2.9806,167.54,3.118,221.24,-2.9562,81.726,2.7868
812,252.89,2.8021,149.77,3.1161,141.59,3.0943,167.81,2.819,222.68,3.0161,81.113,3.0052
813,253.81,3.0969,149.97,-2.7948,143.06,-3.0256,168.6,2.823,222.46,-2.7162,82.859,3.0219
814,252.71,-3.0202,150.42,-2.8412,143.08,-2.9893,167.67,3.0085,222.78,-3.0711,83.252,2.5867
815,254.71,-3.0851,151.61,-2.8209,143.95,-2.9222,168.7,2.7911,222.73,3.1146,83.282,2.9151
816,254.48,3.1273,151.37,-2.8225,143.76,3.0764,168.43,2.8366,224.27,-2.9957,84.351,2.7404
817,255.53,2.6979,152.39,-2.7692,143.47,-3.083,169.74,2.6093,225.26,-2.8981,85.137,2.9646
818,255.87,2.9482,152.26,-2.7869,144.16,-2.9361,169.91,3.1274,225.17,-3.1035,84.665,2.977
819,256.46,3.0869,152.88,-2.9003,145.59,2.938,170.83,3.0262,226.08,-3.1021,84.484,2.7367
820,256.09,2.9293,154.18,-2.9943,146.65,-2.9828,171.01,2.9252,226.48,-2.811,85.471,3.0786
821,258.02,2.7781,153.93,-2.8926,146.52,2.9702,171.81,2.9216,227.42,3.129,86.347,2.8826
822,256.51,2.938,154.86,-2.7973,147.12,2.9648,172.53,3.0493,227.73,-2.8478,85.582,-3.1271
823,258.25,2.9289,153.76,3.1318,147.83,-3.0079,173.3,2.8813,228.28,-3.0539,87.624,-3.0955
824,258.66,2.7559,155.56,-2.9265,147.29,2.97,173.44,-3.0899,227.84,-2.8861,87.087,3.1141
825,259.25,2.9998,155.65,-3.032,148.05,-2.8798,173.55,3.0123,228.75,2.8292,88.152,2.5838
826,259.22,2.9727,156.69,-3.0553,148.92,-3.0791,174.17,3.1229,229.22,2.9557,88.27,2.7639
827,260.03,2.882,157.16,-3.1229,149.35,-3.047,175.42,2.8783,229.84,3.0115,87.81,3.015
828,260.89,2.7851,157.23,-2.9691,150,2.9644,174.86,3.0459,229.77,2.9128,89.788,3.0517
829,261.6,-3.1131,157.28,-2.9443,150.7,3.0493,175.31,2.9837,231.28,3.0251,90.408,3.0927
830,261.52,3.0363,157.95,-3.1212,151.7,-3.0414,176.35,-3.0203,231.61,3.0988,90.015,2.688
831,262.27,2.9412,158.89,-2.5842,151.55,2.9846,176.09,3.0823,232.6,2.9679,91.382,2.8659
832,262.76,-3.1027,159.76,-2.9043,152.26,3.0779,177.47,-3.1135,232.42,3.1203,91.661,-3.1048
833,263.11,-3.1209,159.89,-2.8397,152.42,3.0266,176.74,2.7935,232.03,-3.0336,91.609,2.7136
834,263.98,2.9254,160.69,3.0574,153.01,-2.9706,177.84,2.9179,232.66,-2.6842,92.192,2.8543
835,263.9,2.9812,161.22,-2.6979,153.78,-3.053,178.99,2.8257,234.82,-2.8225,93.016,2.7228
836,264.87,2.976,161.29,3.0227,153.6,2.7968,178.77,3.0399,233.52,3.0909,93.809,-3.0635
837,265.98,-3.133,161.38,-2.7354,154.57,-2.9537,180.22,2.9103,234.55,2.9652,93.722,2.9806
838,265.16,2.9366,162.06,-3.0011,155.42,3.0268,179.75,2.9422,235.18,-2.8004,94.662,3.1206
839,265.6,2.7057,162.89,-2.8889,155.8,-3.068,180.05,2.7939,235.38,-3.1064,95.631,3.0668
840,266.11,2.8245,163.08,-2.9758,156.48,3.1217,180.94,2.9566,235.8,-2.9951,95.558,2.8028
841,268.67,3.0074,164.12,-2.9396,156.55,-2.943,181.55,2.7839,236.98,-2.7822,97.268,-3.0442
842,266.79,2.9984,164.85,3.0244,156.71,-3.0349,182.05,2.8861,237.39,-3.1243,97.453,2.695
843,268.12,2.9376,165.86,-2.6579,158,-2.9223,181.98,2.6585,237.59,-3.1297,96.763,3.126
844,269.52,-3.0558,165.36,-2.7141,158.57,3.0553,182.02,2.9502,238.09,-3.0269,97.736,2.9552
845,268.67,2.8718,165.06,-2.5798,159.04,2.8055,183.24,-3.125,238.55,-2.9315,98.371,3.1308
846,269.82,2.9457,166.47,-2.9495,157.96,2.8942,183.81,-3.0615,239.74,-2.9863,98.614,-2.9848
847,270.58,3.0067,166.83,-2.7802,159.22,3.0003,184.63,3.0493,239.81,3.0264,97.718,2.6748
848,271.13,-3.0603,167.08,3.0887,160.96,3.037,184.68,2.9808,240.38,3.0857,99.611,2.7987
849,270.64,3.0093,167.37,-3.0865,161.09,2.8305,185.49,2.7441,241.77,3.021,100.38,3.0464
850,271.5,2.8845,167.43,-3.0664,160.96,2.9952,186.32,2.6227,242.04,-3.0217,101.47,2.8335
851,271.66,3.0746,168.77,-2.8976,161.55,-3.1381,186.24,3.1332,241.61,-3.0482,101.51,-2.8829
852,271.69,-3.0317,168.98,-2.9726,162.37,3.1025,186.89,2.6183,242.97,3.0984,101.49,2.8728
853,274,3.0403,169.94,-3.1045,161.93,3.0829,187.47,2.9422,243.12,3.1257,102.43,2.7705
854,273.86,-3.1275,170.17,-2.8699,164.17,-2.9978,187.54,2.5745,243.37,-3.0473,102.53,2.777
855,273.78,3.0582,170.81,-3.1187,163.27,2.643,188.8,2.9328,244.68,-3.0487,103.1,2.9913
856,275.39,3.0958,170.77,-3.134,164.54,2.943,188.22,2.9721,245.18,-3.0311,103.4,2.9708
857,274.17,3.1298,171.11,-2.675,164.93,3.1089,188.75,3.0613,244.72,2.9716,104.14,2.8985
858,276.05,2.9531,172.73,-3.103,164.79,3.1311,189.63,-2.9633,244.47,-3.0151,103.51,2.7907
859,275.95,-3.0143,172.9,2.8942,164.69,2.9666,190.39,-3.1323,245.49,-3.0889,104.27,2.8117
860,276.87,-2.7961,173.18,-2.6191,166.11,-2.9909,190.56,2.7564,245.22,-2.9738,105,2.7602
861,276.26,-3.1358,173.74,-2.985,166.88,3.0336,190.87,3.0203,246.62,-2.9875,105.16,3.0384
862,276.63,3.1381,173.66,-3.1357,166.61,-3.1274,191.54,2.7935,247.45,-3.0544,105.58,-3.0419
863,277.48,3.0873,174.57,-2.8958,168.56,3.0757,191.22,3.0533,247.52,3.0536,107.18,2.9346
864,278.95,3.0731,174.94,-2.8321,167.5,3.1222,192.95,3.0661,248.7,-3.0925,107.52,3.0845
865,278.4,-3.0416,174.89,-2.8756,167.97,-2.8683,192.62,-3.088,248.3,-3.0495,108.26,3.0764
866,279.27,3.0979,175.78,2.8929,169.1,-3.0291,193.27,2.6734,249.23,2.9526,108.73,-2.7949
867,279.96,2.8792,176.52,-2.9788,170.24,-3.0969,194.04,3.078,249.99,-2.8606,108.51,2.9929
868,280.16,3.0698,176.94,-3.085,169.98,-3.0141,194.37,2.9733,250.49,-2.8976,109.95,2.9628
869,280.44,2.9418,176.24,-3.0964,170.1,2.7559,196.02,2.8819,250.83,-3.0493,110.69,2.9121
870,281.22,-3.1098,177.8,3.0107,170.81,-2.9093,196.21,2.6592,251.21,2.8499,109.75,-3.1387
871,281.22,3.0391,177.66,-2.8417,171.89,-3.0057,195.88,2.8083,252.13,-2.7485,111.15,2.9935
872,282.32,2.8298,178.82,-2.6133,172.77,-3.0771,196.13,-2.9209,252.25,-3.0093,111.65,2.8415
873,283.28,-3.0578,179.39,-2.8578,171.45,2.8821,196.17,2.6001,253.25,-2.8435,111.5,2.7247
874,283.28,-2.8861,179.84,-3.0402,173.61,2.9091,197.06,2.8741,253.7,2.8939,112.58,2.9321
875,283.56,-2.9221,180.39,-3.069,174.46,2.9647,198.09,2.4813,253.56,3.0845,113.06,2.9011
876,283.4,3.0095,180.76,-2.7616,173.96,2.9282,198.35,-3.0847,254.41,-2.8442,112.54,2.9651
877,285.07,3.0016,181.68,-2.823,174.3,-3.0824,199.1,2.9511,255.15,-3.0812,113.84,-3.0647
878,285.06,3.095,181.74,-2.7749,175.65,2.9766,198.89,2.8376,255.32,-2.9013,114.07,-3.1064
879,286.21,-2.9018,182.89,-2.5947,175.61,-3.0547,199.75,2.777,255.63,-3.0853,115.76,2.9707
880,286.79,3.0394,183.9,-2.6981,175.86,-3.1044,199.98,3.0626,255.51,-2.8154,116.38,3.0583
881,286.41,2.9111,182.57,-2.7968,177.15,-3.0896,201.04,2.7011,256.9,-2.8263,116.24,-3.1154
882,286.48,2.9829,184.48,-2.8533,177.81,-2.8442,201.82,3.0728,257.63,3.0972,116.2,-3.0686
883,287.53,2.7822,183.89,-2.9421,176.92,-2.719,202.19,-3.0665,257.84,-2.8842,116.92,3.1145
884,288.05,2.864,185.07,3.0681,178.35,3.0893,202.42,2.97,258.04,-3.1331,116.78,2.9029
885,289.34,-3.0791,185.29,-2.8011,178.54,3.0205,203.21,2.7777,258.65,3.1021,118.56,2.9002
886,288.47,2.6803,186.11,-2.8156,180.06,3.0843,203.88,2.6426,260.04,-3.0296,118.64,2.9513
887,289.43,-3.1227,185.88,-2.5972,180.18,2.8496,203.93,3.0305,259.76,-3.0381,118.47,3.0547
888,290.17,3.0906,186.99,-3.0321,179.84,-3.0658,205.05,3.0385,260.27,-2.9298,118.02,2.8306
889,290.79,2.7487,187.16,-2.9411,180.29,-3.0646,204.85,3.019,260.96,-2.9947,120.15,2.9159
890,291.85,2.8205,188,-2.7391,180.36,-3.0476,206.41,2.9964,261.61,-3.1027,120.83,2.9616
891,290.89,-2.914,187.96,-3.0036,181.84,3.0521,205.87,2.6866,260.95,-3.0028,120.48,-3.1097
892,292.22,2.9592,188.68,-3.0507,182.1,3.0097,206.82,2.9331,263.54,-3.0868,121.1,2.8648
893,293.17,3.0068,189.46,-2.8209,182.94,2.8517,207.21,2.5574,262.31,-2.9814,122.01,2.7435
894,293.57,-3.1011,189.3,-2.9327,183.24,-2.8979,208.11,3.0186,262.58,3.0629,121.93,2.9114
895,293.66,2.8937,190.53,-2.7462,183.34,-2.9721,207.51,3.012,264.6,2.741,122.57,-3.13
896,294.33,2.9241,190.51,-2.697,183.58,2.9564,208.35,3.073,263.35,-3.0712,123.25,2.9149
897,294.55,3.1142,191.08,3.1091,184.83,-3.0844,208.65,-3.1216,264.27,-2.6856,123.59,3.1102
898,295.48,-2.8885,191.39,-2.8828,185.34,-3.1212,209,2.8553,265.38,-3.1328,124.19,3.0923
899,295.75,3.1097,192.12,-2.7697,185.39,2.9877,210.88,3.0604,266.19,2.9959,124.69,3.0259
900,296.3,2.9653,193.14,2.9002,186.23,-2.8483,209.94,3.0101,266.66,-3.1358,124.71,-3.0953
901,296.45,3.1387,193.24,-3.04,186.76,-3.0582,211.67,2.7953,266.58,-2.8203,125.84,-3.1175
902,297.11,2.774,193.18,3.0389,186.79,-3.1329,211.37,2.9021,266.68,3.1327,124.92,2.6659
903,297.94,-2.956,193.87,-2.9724,188.59,-3.0961,211.63,2.8734,267.66,3.1352,127,2.8096
904,298.28,-2.9975,194.25,-2.8934,188.86,3.0824,213.08,2.808,268.36,-3.1228,127.45,3.1307
905,297.6,2.8089,194.71,-3.0663,188.79,3.097,212.99,-2.9124,268.59,3.0522,127.42,-3.1117
906,299.35,2.9542,195.64,3.1183,188.54,3.1081,212.37,3.0437,268.49,2.7218,127.98,2.8724
907,299.48,2.9522,196.24,-2.9946,189.58,3.0335,213.7,-3.1324,269.54,-3.0067,128.88,3.0857
908,300.03,2.8053,197.14,-2.9846,190.11,-3.0763,214.51,2.9278,271.62,-3.0285,128.73,-3.072
909,300.18,3.1349,197.51,-3.0407,190.72,2.7604,215.6,3.0472,270.56,-3.0872,129.67,-3.0164
910,300.81,-3.1086,197.23,-2.5782,190.26,-2.9855,215.86,-3.1106,270.85,-3.1363,130.04,2.8109
911,301.52,-2.9844,197.85,-2.9414,191.76,-2.9327,214.7,2.9066,272.27,2.9475,130.35,-2.9573
912,302.13,3.1126,198.65,-3.038,192.22,3.0131,215.79,2.9571,271.42,-2.9109,131.63,3.0322
913,303.2,-3.0592,199.56,-3.015,192.81,-2.9844,216.95,2.5925,272.48,-3.0339,131.45,-2.9415
914,302.82,-3.0118,198.94,-2.6805,192.72,-3.0212,217.89,-3.1198,273.55,-3.096,132.68,3.0798
915,304.16,-3.0951,199.49,-2.9337,193.77,-2.9897,217.77,3.0948,273.46,-2.8864,133.1,-2.9056
916,304.7,2.9333,200.35,-2.6975,195.01,-2.8287,217.93,3.0409,273.6,-3.0742,133.46,2.6897
917,304.65,-3.0862,200.88,-3.0163,194.97,2.8298,218.84,3.0285,274.74,-2.7106,133.24,2.8437
918,305.06,3.0551,201.99,2.989,195.62,3.095,218.79,2.696,274.81,3.0829,133.71,3.0084
919,306.2,2.8389,203.11,-3.1194,194.64,-3.1409,219.68,2.7347,274.51,2.9528,134.58,3.0573
920,306.14,2.9242,202.99,-3.0111,196.54,-3.1112,220.31,2.8447,276.67,-2.8341,134.27,2.8899
921,307.56,3.0162,203.22,-2.8923,196.72,-2.84,220.51,3.0307,276.1,-3.002,135.25,3.1042
922,307.91,-3.1081,204.32,3.1242,196.77,3.0842,221.22,2.7459,276.99,3.127,136.71,2.9913
923,306.9,2.7353,203.81,-2.8596,197,-2.8352,221.57,2.816,277.71,-3.1049,135.72,-3.0268
924,308.12,3.1117,205.11,-3.1121,198.14,-2.8917,222.07,3.0199,278.12,-3.11,136.39,3.1374
925,307.88,2.8568,204.89,-2.7462,198.89,2.8916,223.53,2.7591,278.47,-3.0236,136.78,3.0915
926,308.79,2.9793,206.07,-2.9378,199.58,-3.1361,223.92,-3.0769,279.23,-3.0912,137.95,3.1194
927,310.18,2.9839,207.45,-2.9503,199.42,2.8295,223.75,2.5569,279.8,2.979,138.47,3.0661
928,310.5,-3.0092,206.82,-2.9503,200.41,3.0167,224.05,-3.1189,280.21,3.0451,139.08,2.9377
929,310.34,2.786,206.39,-2.9029,200.58,-2.9956,223.86,2.9525,280.03,2.9843,138.91,2.901
930,310.81,-3.117,207.48,-2.9295,200.63,-2.9686,225.63,2.8058,280.86,-2.9663,140.53,2.964
931,312.02,3.0253,208.39,-3,201.41,-3.0098,225.99,2.9809,282.14,-2.965,141.15,3.096
932,312.21,2.9741,208.31,-2.8324,202.47,2.9406,226.71,2.9988,282.55,2.9831,140.51,-3.0749
933,312.87,2.8576,209.24,-2.728,202.5,-2.9967,226.86,3.0449,283.67,2.847,140.98,2.8623
934,312.78,3.0889,208.91,3.1091,203.07,3.0747,228.17,3.0572,283.45,-3.0613,140.71,2.8404
935,313.88,3.0329,210.21,3.076,203.92,-3.0988,227.74,-3.0994,283.33,-3.1313,141.96,-3.1403
936,314.11,3.0742,209.88,-2.7409,203.22,-3.0267,228.33,-3.0558,283.92,-3.1196,142.96,2.997
937,314.44,2.971,211.27,-3.0031,203.99,2.988,228.62,3.0666,283.96,-2.962,143,3.0009
938,315.07,-3.0962,212.15,2.9239,205.11,-3.0127,228.67,-3.1154,284.36,3.072,143.48,2.9283
939,314.96,-3.1128,211.9,-2.8228,205.48,3.0281,229.76,2.8137,285.54,-3.1347,144.45,3.0393
940,316.08,3.0798,211.49,-2.5838,206.39,3.0954,229.38,2.8221,285.97,3.0908,144.5,3.1262
941,316.46,2.7535,213.57,-3.002,206.85,2.9766,229.83,-3.1345,287.18,2.9809,146.02,2.9787
942,317.2,2.9457,213.82,-2.8187,207.12,-2.9068,230.3,3.0637,286.9,-3.0964,146.28,-3.0445
943,317.31,3.023,213.25,-2.8563,207.4,-3.0288,231.31,2.9219,287.64,-2.797,146.07,2.8922
944,318.19,2.781,214.51,-2.7874,207.93,-3.0655,231.9,2.7074,287.51,3.0342,146.09,2.678
945,318.1,3.1139,214.15,-2.7515,209.11,-3.086,232.87,3.1378,288.12,2.9555,147.24,2.9345
946,318.43,2.9214,215.67,-2.7125,209.34,3.128,233.21,2.5965,288.92,-3.0868,147.94,-2.9025
947,319.55,2.6844,216.36,-2.8677,209.06,-3.0952,234.4,2.9179,290.11,-2.913,147.68,2.9721
948,319.18,2.9898,216.59,-3.1044,210.79,-3.1297,234.81,2.8723,290.64,-3.1322,148.67,3.0646
949,320.12,2.9802,217.73,3.0465,211.15,-3.1033,235.69,-2.9463,290.25,-2.7771,149.22,2.9074
950,320.65,3.0229,217.5,-2.9625,210.83,-3.0834,234.5,-2.976,291.27,3.1178,150.05,3.0025
951,322.63,3.0666,218.19,-2.8811,210.26,-3.0532,236.08,3.0721,291.98,-3.0639,150.71,2.956
952,321.32,-3.0717,218.33,-2.9348,211.85,-2.9757,235.81,2.864,292.63,3.1043,150.35,-2.8096
953,321.96,-3.1344,219.09,-3.1407,211.16,-2.8062,236.79,2.8434,292.07,-3.1208,150.69,2.6776
954,322.63,2.9625,218.78,2.9378,213.35,3.014,237.7,-2.9314,293.14,-3.1146,152.3,-3.116
955,323.83,2.6887,220.88,-3.0082,214.13,3.1133,237.27,3.0296,293.82,2.9741,152.71,2.9516
956,323.91,2.4548,219.66,-2.7081,214.74,3.1255,238.75,2.819,293.67,3.0428,153.35,2.9921
957,323.44,2.7923,220.95,-3.1006,214.16,-3.0311,239.26,2.8575,294.82,-3.1123,153.57,-3.056
958,325.16,-3.0536,221.17,-2.6229,214.31,-3.0052,239.93,2.863,294.29,-2.8245,153.88,2.8168
959,325.28,3.0408,221.91,-2.877,215.76,-3.0318,240.8,3.041,295.92,-2.7004,154.55,2.8618
960,325.46,2.8364,221.83,-2.9455,216.27,3.1049,240.34,2.8117,296.17,-3.1204,154.84,2.7089
961,325.62,3.0029,221.82,-2.8806,216.61,-2.875,240.96,2.8137,296.58,3.1379,155,-2.9284
962,327.35,-3.14,223.33,-2.7497,217.6,3.0037,240.69,3.0041,297.65,3.0849,155.58,3.1054
963,327.04,2.9135,223.79,3.1248,218.31,-2.9313,241.49,2.8459,297.97,-3.1179,156.05,2.9975
964,328.24,-3.0638,224.15,3.0298,218.32,-2.907,242.48,2.6215,298.7,2.9592,157.12,2.8682
965,327.84,2.5759,223.91,3.1113,218.96,-2.8876,243.37,3.052,297.9,3.0028,157.95,2.9728
966,328.58,-3.1013,225.24,-2.8389,218.91,-3.0437,242.88,2.816,299.82,-3.1023,156.62,2.6653
967,329.21,2.6795,225.65,3.1208,219.45,3.0604,243.17,2.9006,299.35,3.0284,158.45,2.8622
968,328.59,-3.1097,226.56,3.0284,219.23,-2.9672,244.3,2.7106,299.14,-2.9289,159.4,2.9169
969,330.51,2.4852,226.91,-3.0037,220.64,2.7424,244.16,3.0752,301.02,-3.0306,160.2,2.7402
970,329.19,3.0445,227.54,-3.0001,221.6,2.9875,244.51,-2.892,300.62,2.9792,160.33,3.0253
971,331.63,-3.1405,228.04,-3.0088,220.91,3.0299,245.13,-3.1355,301.79,2.9402,161.3,3.1329
972,331.5,-3.1093,228.16,-2.9874,221.92,2.8784,246.41,-3.125,301.98,3.0951,161.22,3.0191
973,331.67,2.7982,228.88,2.8094,221.97,3.1165,247.22,3.0895,302.87,-3.0705,161.32,3.1239
974,332.47,3.1217,229.19,-2.9005,223.11,3.0456,247.01,2.9897,302.69,-3.1002,161.58,2.7991
975,333.5,2.9808,230.12,-2.9119,223.76,3.0942,247.58,2.8859,304.7,3.043,162.83,3.0041
976,333.54,-3.1344,230.19,3.01,224.34,2.9575,248.06,3.0866,304.72,2.6936,163.12,3.0155
977,334.89,2.8039,230.54,3.0779,224.55,-3.0281,247.52,3.0213,305.06,-2.8622,164.17,2.9547
978,334.95,2.9453,231.2,-2.9998,225.06,-3.0371,249.1,2.9659,304.66,-3.1239,163.16,2.7378
979,334.95,3.0055,230.93,-2.7632,225.35,3.0896,249.88,3.0811,305.06,-3.0851,164.95,2.9603
980,335.62,2.6159,232.64,-2.5776,226.2,-3.1142,250.26,-2.9222,306.59,3.0049,164.41,2.886
981,335.68,3.0978,233.36,-3.0499,226.9,-3.0983,250.41,3.0757,306.66,-2.8792,166.26,-2.948
982,336.13,2.8324,233.23,-2.6845,227.55,-3.0615,250,-2.8612,307.18,-3.0389,166.23,-3.1196
983,337.9,3.0416,233.61,-2.7679,227.2,-2.9612,250.97,2.7082,307.61,-2.8612,167.18,-2.8268
984,336.86,-2.9636,233.59,3.0934,228.04,3.0151,251.5,2.8723,308.55,-3.0309,166.78,-2.8781
985,338.29,3.0045,234.43,-2.9281,228.53,2.9483,251.91,2.7367,307.88,3.07,167.53,2.9944
986,338.09,3.0368,235.64,-2.9559,229.7,3.1181,253.29,3.0101,308.87,-2.8429,167.81,3.0463
987,338.78,2.9718,235.41,-2.9227,229.89,2.9719,252.95,3.0844,309.66,3.0013,168.37,3.016
988,339.24,2.9897,236.96,-3.132,229.79,-2.8675,253.86,2.765,310.76,3.0876,168.8,3.1172
989,341.05,2.9425,235.8,-3.1092,230.95,-2.8975,254.53,2.9007,310.86,3.1339,169.32,2.7617
990,341.54,2.9074,237.32,-3.0852,232.04,2.9205,253.96,3.004,311.06,3.0924,169.63,3.076
991,341.34,-3.0987,237.52,-2.875,232.21,2.9906,255.88,3.0289,311.04,-2.5948,170.7,3.1145
992,341.45,2.8756,237.91,3.0865,231.91,3.1345,256.42,2.8974,312.37,-3.0784,169.97,-3.1079
993,342.07,-3.1057,239.3,-2.7889,233.99,-2.9655,256.29,2.9228,312.3,-3.0927,171.96,2.9567
994,342.04,2.7771,239.36,-2.7957,233.91,-3.0765,256.86,3.0475,313.17,-3.0192,171.29,2.9079
995,342.35,2.9951,239.36,-3.0078,233.3,3.0361,257.88,2.9412,313.25,3.0377,172.23,2.9832
996,344.17,-2.9585,239.65,-2.9457,234.72,2.6628,257.18,3.1051,314.66,-2.978,172.61,2.9055
997,344.17,-2.7591,240.73,-3.0695,235.68,-3.0403,258.51,2.8389,314.65,3.06,172.76,-3.0261
998,344.32,-3.0425,240.28,-2.9286,234.31,3.1034,258.71,2.7872,314.41,-3.0812,173.54,3.1178
999,345.59,3.0323,241.34,-3.1372,236.25,3.0079,258.44,3.1036,315.73,3.0404,173.47,-2.8639
